sample,stage,candidate,model,feature_set,scaler,parameter,gamma,mean_accuracy,mean_balanced_accuracy,sd_balanced_accuracy,mean_auc,mean_macro_f1,valid_record_folds
q1_quality_matched,cue_locked,baseline_logistic_l2_1,logistic,full_baseline_13,standard,1.0,,0.4890060240963855,0.4867748606218495,0.016256167545699158,0.4852096998769989,0.48380189350207703,4
q1_quality_matched,cue_locked,linear_svm_drop_redundant_alpha_asym_12_C_0.01,linear_svm,drop_redundant_alpha_asym_12,standard,0.01,,0.5102005243195002,0.508653095918973,0.05194005959555037,0.47392086354689283,0.5038343796748281,4
q1_quality_matched,cue_locked,linear_svm_drop_redundant_alpha_asym_12_C_0.1,linear_svm,drop_redundant_alpha_asym_12,standard,0.1,,0.4888930722891566,0.4861796225266114,0.024907922724378303,0.4856524049595225,0.48319114070077673,4
q1_quality_matched,cue_locked,linear_svm_drop_redundant_alpha_asym_12_C_1,linear_svm,drop_redundant_alpha_asym_12,standard,1.0,,0.48448655734047297,0.4827703229020537,0.02272446836375776,0.4873637880424901,0.47973507137690413,4
q1_quality_matched,cue_locked,linear_svm_drop_redundant_alpha_asym_12_C_10,linear_svm,drop_redundant_alpha_asym_12,standard,10.0,,0.487611557340473,0.48567729964623974,0.018967193076051124,0.488429459905099,0.48311092328900773,4
q1_quality_matched,cue_locked,linear_svm_full_baseline_13_C_0.01,linear_svm,full_baseline_13,standard,0.01,,0.5055708946898706,0.5043427510913869,0.0499103951906045,0.4725124943742308,0.4995415088152043,4
q1_quality_matched,cue_locked,linear_svm_full_baseline_13_C_0.1,linear_svm,full_baseline_13,standard,0.1,,0.4888930722891566,0.4861796225266114,0.024907922724378303,0.48502386944726605,0.48319114070077673,4
q1_quality_matched,cue_locked,linear_svm_full_baseline_13_C_1,linear_svm,full_baseline_13,standard,1.0,,0.48448655734047297,0.4827703229020537,0.02272446836375776,0.4873637880424901,0.47973507137690413,4
q1_quality_matched,cue_locked,linear_svm_full_baseline_13_C_10,linear_svm,full_baseline_13,standard,10.0,,0.487611557340473,0.48567729964623974,0.018967193076051124,0.488429459905099,0.48311092328900773,4
q1_quality_matched,cue_locked,logistic_bandpower_only_9_l2_0.1,logistic,bandpower_only_9,standard,0.1,,0.49687360553324406,0.4961599999545214,0.023683504694809378,0.4972700855954323,0.4894522721601896,4
q1_quality_matched,cue_locked,logistic_bandpower_only_9_l2_10,logistic,bandpower_only_9,standard,10.0,,0.4934069611780455,0.49113327758769504,0.05332359424937001,0.47020499607655125,0.4829663368127838,4
q1_quality_matched,cue_locked,logistic_bandpower_only_9_l2_100,logistic,bandpower_only_9,standard,100.0,,0.47371709058456046,0.47231462164980653,0.03557081957875883,0.4828944318358913,0.4487145758400246,4
q1_quality_matched,cue_locked,logistic_drop_redundant_alpha_asym_12_l2_0.1,logistic,drop_redundant_alpha_asym_12,standard,0.1,,0.487611557340473,0.48567729964623974,0.018967193076051124,0.4877549511488526,0.48311092328900773,4
q1_quality_matched,cue_locked,logistic_drop_redundant_alpha_asym_12_l2_10,logistic,drop_redundant_alpha_asym_12,standard,10.0,,0.5054551539491299,0.5042425105140012,0.06326389525189055,0.47256642791849235,0.49731682320596093,4
q1_quality_matched,cue_locked,logistic_drop_redundant_alpha_asym_12_l2_100,logistic,drop_redundant_alpha_asym_12,standard,100.0,,0.45011434627398483,0.4533433251071681,0.04304120845491672,0.48944270782634075,0.4317866518435619,4
q1_quality_matched,cue_locked,logistic_erp_only_3_l2_0.1,logistic,erp_only_3,standard,0.1,,0.48750418340026774,0.4991281633810043,0.035027535283180325,0.5044447758841328,0.4720237752777428,4
q1_quality_matched,cue_locked,logistic_erp_only_3_l2_10,logistic,erp_only_3,standard,10.0,,0.47071062025881305,0.48527906970031487,0.01959380155012044,0.5067100509471468,0.44256630761445,4
q1_quality_matched,cue_locked,logistic_erp_only_3_l2_100,logistic,erp_only_3,standard,100.0,,0.47812639446675587,0.4990859765627501,0.020023689147138323,0.5189681649829908,0.40602680148134696,4
q1_quality_matched,cue_locked,logistic_full_baseline_13_l2_0.1,logistic,full_baseline_13,standard,0.1,,0.487611557340473,0.48567729964623974,0.018967193076051124,0.4877549511488526,0.48311092328900773,4
q1_quality_matched,cue_locked,logistic_full_baseline_13_l2_10,logistic,full_baseline_13,standard,10.0,,0.5085801539491299,0.5071494872581872,0.06015245400273253,0.4725425202088217,0.5009692094670428,4
q1_quality_matched,cue_locked,logistic_full_baseline_13_l2_100,logistic,full_baseline_13,standard,100.0,,0.4407393462739848,0.4440871420137757,0.053276292051842415,0.4848834372346411,0.42079112970186183,4
q1_quality_matched,cue_locked,rbf_svm_drop_redundant_alpha_asym_12_C_0.1_gamma_0.03,rbf_svm,drop_redundant_alpha_asym_12,standard,0.1,0.03,0.4827532351628737,0.5,0.0,0.5068771430774873,0.3251574734945103,4
q1_quality_matched,cue_locked,rbf_svm_drop_redundant_alpha_asym_12_C_0.1_gamma_0.1,rbf_svm,drop_redundant_alpha_asym_12,standard,0.1,0.1,0.4827532351628737,0.5,0.0,0.5147368526623127,0.3251574734945103,4
q1_quality_matched,cue_locked,rbf_svm_drop_redundant_alpha_asym_12_C_0.1_gamma_scale,rbf_svm,drop_redundant_alpha_asym_12,standard,0.1,scale,0.4827532351628737,0.5,0.0,0.5135532727667999,0.3251574734945103,4
q1_quality_matched,cue_locked,rbf_svm_drop_redundant_alpha_asym_12_C_10_gamma_0.03,rbf_svm,drop_redundant_alpha_asym_12,standard,10.0,0.03,0.5166820058009818,0.5166551709537803,0.04501270459123728,0.5341040114967786,0.5106413513678157,4
q1_quality_matched,cue_locked,rbf_svm_drop_redundant_alpha_asym_12_C_10_gamma_0.1,rbf_svm,drop_redundant_alpha_asym_12,standard,10.0,0.1,0.49213102409638554,0.48861905741959333,0.018071556925451912,0.4862937786412663,0.4879372141597168,4
q1_quality_matched,cue_locked,rbf_svm_drop_redundant_alpha_asym_12_C_10_gamma_scale,rbf_svm,drop_redundant_alpha_asym_12,standard,10.0,scale,0.4952560240963855,0.49065057107016347,0.012069900148238524,0.49361573765254796,0.4891705794863508,4
q1_quality_matched,cue_locked,rbf_svm_drop_redundant_alpha_asym_12_C_1_gamma_0.03,rbf_svm,drop_redundant_alpha_asym_12,standard,1.0,0.03,0.4782393462739848,0.48226767260961523,0.02801919600549108,0.4989693162953867,0.46833855941206554,4
q1_quality_matched,cue_locked,rbf_svm_drop_redundant_alpha_asym_12_C_1_gamma_0.1,rbf_svm,drop_redundant_alpha_asym_12,standard,1.0,0.1,0.4891189759036144,0.48880107855844745,0.007159851981432277,0.5127652021169145,0.4801256931663012,4
q1_quality_matched,cue_locked,rbf_svm_drop_redundant_alpha_asym_12_C_1_gamma_scale,rbf_svm,drop_redundant_alpha_asym_12,standard,1.0,scale,0.49213102409638554,0.4927727088063114,0.01328157674321538,0.513451794241201,0.4833905155269937,4
q1_quality_matched,cue_locked,rbf_svm_full_baseline_13_C_0.1_gamma_0.03,rbf_svm,full_baseline_13,standard,0.1,0.03,0.4827532351628737,0.5,0.0,0.48792088517018595,0.3251574734945103,4
q1_quality_matched,cue_locked,rbf_svm_full_baseline_13_C_0.1_gamma_0.1,rbf_svm,full_baseline_13,standard,0.1,0.1,0.4827532351628737,0.5,0.0,0.5051792793354982,0.3251574734945103,4
q1_quality_matched,cue_locked,rbf_svm_full_baseline_13_C_0.1_gamma_scale,rbf_svm,full_baseline_13,standard,0.1,scale,0.4827532351628737,0.5,0.0,0.5004040115546755,0.3251574734945103,4
q1_quality_matched,cue_locked,rbf_svm_full_baseline_13_C_10_gamma_0.03,rbf_svm,full_baseline_13,standard,10.0,0.03,0.49665049085229807,0.4954999663651648,0.027952584783136458,0.5228385243375366,0.48944064094585205,4
q1_quality_matched,cue_locked,rbf_svm_full_baseline_13_C_10_gamma_0.1,rbf_svm,full_baseline_13,standard,10.0,0.1,0.4701458612226685,0.4670782187889098,0.044003930535490655,0.4837719341436555,0.46632711904493607,4
q1_quality_matched,cue_locked,rbf_svm_full_baseline_13_C_10_gamma_scale,rbf_svm,full_baseline_13,standard,10.0,scale,0.48264307228915665,0.47774302066261304,0.03368772189910939,0.4872882499587567,0.47675863046306205,4
q1_quality_matched,cue_locked,rbf_svm_full_baseline_13_C_1_gamma_0.03,rbf_svm,full_baseline_13,standard,1.0,0.03,0.4627272980812137,0.4693830957342898,0.048875296642822405,0.47870338310223304,0.4548569793649121,4
q1_quality_matched,cue_locked,rbf_svm_full_baseline_13_C_1_gamma_0.1,rbf_svm,full_baseline_13,standard,1.0,0.1,0.4983810240963855,0.4985978770180366,0.012632420086246906,0.5055175637568503,0.48979564417785165,4
q1_quality_matched,cue_locked,rbf_svm_full_baseline_13_C_1_gamma_scale,rbf_svm,full_baseline_13,standard,1.0,scale,0.48287176483712624,0.48456681183053746,0.020649563593201373,0.4975686917774269,0.47285333374031413,4
q1_quality_matched,cue_locked,robust_logistic_drop_redundant_alpha_asym_12_l2_0.1,logistic,drop_redundant_alpha_asym_12,robust,0.1,,0.487611557340473,0.48567729964623974,0.018967193076051124,0.48779746483376657,0.48311092328900773,4
q1_quality_matched,cue_locked,robust_logistic_drop_redundant_alpha_asym_12_l2_1,logistic,drop_redundant_alpha_asym_12,robust,1.0,,0.49653475011155734,0.49353874784200247,0.032210614654627885,0.4817376880245815,0.4902172843580318,4
q1_quality_matched,cue_locked,robust_logistic_drop_redundant_alpha_asym_12_l2_10,logistic,drop_redundant_alpha_asym_12,robust,10.0,,0.4775588464970995,0.4778977429603322,0.0686573170205294,0.47725490259503595,0.47014667867599624,4
q1_quality_matched,cue_locked,robust_logistic_full_baseline_13_l2_0.1,logistic,full_baseline_13,robust,0.1,,0.487611557340473,0.48567729964623974,0.018967193076051124,0.4871673330408441,0.48311092328900773,4
q1_quality_matched,cue_locked,robust_logistic_full_baseline_13_l2_1,logistic,full_baseline_13,robust,1.0,,0.49653475011155734,0.49353874784200247,0.032210614654627885,0.4806024022060559,0.4902172843580318,4
q1_quality_matched,cue_locked,robust_logistic_full_baseline_13_l2_10,logistic,full_baseline_13,robust,10.0,,0.47605421686746985,0.4763651759105238,0.06354074825594558,0.47302483451572974,0.46846412883738514,4
q1_quality_matched,cue_locked,shrinkage_lda_bandpower_only_9,lda,bandpower_only_9,standard,,,0.5090319611780455,0.5067952759850877,0.034961264275373334,0.475791096064924,0.5008737251195531,4
q1_quality_matched,cue_locked,shrinkage_lda_drop_redundant_alpha_asym_12,lda,drop_redundant_alpha_asym_12,standard,,,0.5026690093708166,0.5008375325273442,0.04733059902187027,0.47604160380325616,0.4959130571811027,4
q1_quality_matched,cue_locked,shrinkage_lda_erp_only_3,lda,erp_only_3,standard,,,0.4737226684515841,0.4883695180934898,0.01462682623760001,0.5097507125470824,0.44965012785190595,4
q1_quality_matched,cue_locked,shrinkage_lda_full_baseline_13,lda,full_baseline_13,standard,,,0.5057940093708166,0.5037445092715302,0.045418671156423125,0.4751601660897141,0.49943478338442404,4
q1_quality_matched,target_locked,baseline_logistic_l2_1,logistic,full_baseline_13,standard,1.0,,0.5135542168674698,0.5104496858316758,0.03227310342223226,0.5403063844841184,0.5003150847317189,4
q1_quality_matched,target_locked,linear_svm_drop_redundant_alpha_asym_12_C_0.01,linear_svm,drop_redundant_alpha_asym_12,standard,0.01,,0.5227061021865239,0.521278319622932,0.05345942819801836,0.5319256595966554,0.510783722090987,4
q1_quality_matched,target_locked,linear_svm_drop_redundant_alpha_asym_12_C_0.1,linear_svm,drop_redundant_alpha_asym_12,standard,0.1,,0.516566265060241,0.5134984663194806,0.037728173845281626,0.5397297532241887,0.5036785776219078,4
q1_quality_matched,target_locked,linear_svm_drop_redundant_alpha_asym_12_C_1,linear_svm,drop_redundant_alpha_asym_12,standard,1.0,,0.5194653614457831,0.5166730694940839,0.052293209449969735,0.5434654424660683,0.5067111512987885,4
q1_quality_matched,target_locked,linear_svm_drop_redundant_alpha_asym_12_C_10,linear_svm,drop_redundant_alpha_asym_12,standard,10.0,,0.513328313253012,0.5108465112285012,0.050748502456743484,0.543713288827612,0.500814567429239,4
q1_quality_matched,target_locked,linear_svm_full_baseline_13_C_0.01,linear_svm,full_baseline_13,standard,0.01,,0.525605198572066,0.5228656212102336,0.0664768977094197,0.527891396142027,0.5105825276253362,4
q1_quality_matched,target_locked,linear_svm_full_baseline_13_C_0.1,linear_svm,full_baseline_13,standard,0.1,,0.516566265060241,0.5134984663194806,0.037728173845281626,0.5394670274442215,0.5036785776219078,4
q1_quality_matched,target_locked,linear_svm_full_baseline_13_C_1,linear_svm,full_baseline_13,standard,1.0,,0.5194653614457831,0.5166730694940839,0.052293209449969735,0.5434654424660683,0.5067111512987885,4
q1_quality_matched,target_locked,linear_svm_full_baseline_13_C_10,linear_svm,full_baseline_13,standard,10.0,,0.513328313253012,0.5108465112285012,0.050748502456743484,0.5438584688508409,0.500814567429239,4
q1_quality_matched,target_locked,logistic_bandpower_only_9_l2_0.1,logistic,bandpower_only_9,standard,0.1,,0.49759315037929497,0.49652985853726167,0.07103255481035131,0.5378091255113181,0.48770457248723564,4
q1_quality_matched,target_locked,logistic_bandpower_only_9_l2_10,logistic,bandpower_only_9,standard,10.0,,0.5242135207496653,0.5238253508937296,0.06697901536382449,0.5376088389829662,0.5107029319138858,4
q1_quality_matched,target_locked,logistic_bandpower_only_9_l2_100,logistic,bandpower_only_9,standard,100.0,,0.5227061021865239,0.5239102632875493,0.05251551367797329,0.5406180365098354,0.4986070941922709,4
q1_quality_matched,target_locked,logistic_drop_redundant_alpha_asym_12_l2_0.1,logistic,drop_redundant_alpha_asym_12,standard,0.1,,0.5210829428826417,0.5187534879726872,0.05032880603753194,0.5415319994068992,0.5093194854147398,4
q1_quality_matched,target_locked,logistic_drop_redundant_alpha_asym_12_l2_10,logistic,drop_redundant_alpha_asym_12,standard,10.0,,0.525605198572066,0.5244689038543557,0.06427923678721571,0.5329771309467947,0.5132978563485422,4
q1_quality_matched,target_locked,logistic_drop_redundant_alpha_asym_12_l2_100,logistic,drop_redundant_alpha_asym_12,standard,100.0,,0.5178505689424364,0.5183967310330093,0.07067487086776256,0.5257002922886898,0.49786534838829843,4
q1_quality_matched,target_locked,logistic_erp_only_3_l2_0.1,logistic,erp_only_3,standard,0.1,,0.4902819611780455,0.4921157625356972,0.05597980364928775,0.5239404593520813,0.4850041679120269,4
q1_quality_matched,target_locked,logistic_erp_only_3_l2_10,logistic,erp_only_3,standard,10.0,,0.4720939312806782,0.47561495821128696,0.07144943414691236,0.5154927887660103,0.45824462131384447,4
q1_quality_matched,target_locked,logistic_erp_only_3_l2_100,logistic,erp_only_3,standard,100.0,,0.5135458500669344,0.5262259843102157,0.038691903414145405,0.5170413722401909,0.42532610356165945,4
q1_quality_matched,target_locked,logistic_full_baseline_13_l2_0.1,logistic,full_baseline_13,standard,0.1,,0.5210829428826417,0.5187534879726872,0.05032880603753194,0.5410693590662101,0.5093194854147398,4
q1_quality_matched,target_locked,logistic_full_baseline_13_l2_10,logistic,full_baseline_13,standard,10.0,,0.5209727800089246,0.5185876110512799,0.05856820336562444,0.5311100938849487,0.5061937625689563,4
q1_quality_matched,target_locked,logistic_full_baseline_13_l2_100,logistic,full_baseline_13,standard,100.0,,0.5208598282016956,0.5204504443041322,0.0632241281345674,0.5203276912313234,0.5009104972770365,4
q1_quality_matched,target_locked,rbf_svm_drop_redundant_alpha_asym_12_C_0.1_gamma_0.03,rbf_svm,drop_redundant_alpha_asym_12,standard,0.1,0.03,0.48738286479250337,0.505,0.01000000000000002,0.5393507134264464,0.3358380946658749,4
q1_quality_matched,target_locked,rbf_svm_drop_redundant_alpha_asym_12_C_0.1_gamma_0.1,rbf_svm,drop_redundant_alpha_asym_12,standard,0.1,0.1,0.4842578647925033,0.5014285714285714,0.014093951035189303,0.53781757244057,0.3343125416529077,4
q1_quality_matched,target_locked,rbf_svm_drop_redundant_alpha_asym_12_C_0.1_gamma_scale,rbf_svm,drop_redundant_alpha_asym_12,standard,0.1,scale,0.4842578647925033,0.5021182266009852,0.015319801049797988,0.5404865600493155,0.3416396657483245,4
q1_quality_matched,target_locked,rbf_svm_drop_redundant_alpha_asym_12_C_10_gamma_0.03,rbf_svm,drop_redundant_alpha_asym_12,standard,10.0,0.03,0.4949171686746988,0.4937657210549714,0.04197527944200514,0.5134482889518389,0.47948202346250623,4
q1_quality_matched,target_locked,rbf_svm_drop_redundant_alpha_asym_12_C_10_gamma_0.1,rbf_svm,drop_redundant_alpha_asym_12,standard,10.0,0.1,0.532414379741187,0.5334432249100135,0.00448926987511748,0.5343325421826018,0.5283299285393929,4
q1_quality_matched,target_locked,rbf_svm_drop_redundant_alpha_asym_12_C_10_gamma_scale,rbf_svm,drop_redundant_alpha_asym_12,standard,10.0,scale,0.5169023315484159,0.5172445835979291,0.022556836525744958,0.540037885192598,0.5101261405063788,4
q1_quality_matched,target_locked,rbf_svm_drop_redundant_alpha_asym_12_C_1_gamma_0.03,rbf_svm,drop_redundant_alpha_asym_12,standard,1.0,0.03,0.5054607318161535,0.5025621394245604,0.060300146060698,0.5393106221041559,0.48562769410081424,4
q1_quality_matched,target_locked,rbf_svm_drop_redundant_alpha_asym_12_C_1_gamma_0.1,rbf_svm,drop_redundant_alpha_asym_12,standard,1.0,0.1,0.5024486836233825,0.504436908282088,0.05103951649185267,0.5234416870927912,0.49211138557197537,4
q1_quality_matched,target_locked,rbf_svm_drop_redundant_alpha_asym_12_C_1_gamma_scale,rbf_svm,drop_redundant_alpha_asym_12,standard,1.0,scale,0.4993236836233824,0.500792889699045,0.052809667638394696,0.5239557609994951,0.4889528204202313,4
q1_quality_matched,target_locked,rbf_svm_full_baseline_13_C_0.1_gamma_0.03,rbf_svm,full_baseline_13,standard,0.1,0.03,0.4827532351628737,0.5,0.0,0.5366942404768797,0.3251574734945103,4
q1_quality_matched,target_locked,rbf_svm_full_baseline_13_C_0.1_gamma_0.1,rbf_svm,full_baseline_13,standard,0.1,0.1,0.47962823516287373,0.49642857142857144,0.007142857142857145,0.5405690703235053,0.3236319204815431,4
q1_quality_matched,target_locked,rbf_svm_full_baseline_13_C_0.1_gamma_scale,rbf_svm,full_baseline_13,standard,0.1,scale,0.48900323516287375,0.5054515599343186,0.009156850925632037,0.538333002439052,0.34928283075364486,4
q1_quality_matched,target_locked,rbf_svm_full_baseline_13_C_10_gamma_0.03,rbf_svm,full_baseline_13,standard,10.0,0.03,0.4929607318161535,0.4917891855290881,0.07437836369232662,0.4979164505491104,0.4845490431312152,4
q1_quality_matched,target_locked,rbf_svm_full_baseline_13_C_10_gamma_0.1,rbf_svm,full_baseline_13,standard,10.0,0.1,0.5215319611780456,0.5205081295358938,0.031086248112951645,0.528666362253997,0.5149445049583807,4
q1_quality_matched,target_locked,rbf_svm_full_baseline_13_C_10_gamma_scale,rbf_svm,full_baseline_13,standard,10.0,scale,0.5107652833556449,0.509407192280674,0.023001259219394134,0.5309125167292085,0.5042546185313007,4
q1_quality_matched,target_locked,rbf_svm_full_baseline_13_C_1_gamma_0.03,rbf_svm,full_baseline_13,standard,1.0,0.03,0.5053477800089246,0.5018855725327355,0.06810094809710714,0.5390359270720919,0.485388147066926,4
q1_quality_matched,target_locked,rbf_svm_full_baseline_13_C_1_gamma_0.1,rbf_svm,full_baseline_13,standard,1.0,0.1,0.49747740963855425,0.49838909189360026,0.0751497943966047,0.5225788941203497,0.48997876783051614,4
q1_quality_matched,target_locked,rbf_svm_full_baseline_13_C_1_gamma_scale,rbf_svm,full_baseline_13,standard,1.0,scale,0.48960982820169563,0.4903069195704203,0.08953566902979411,0.520708067737915,0.48342244353488195,4
q1_quality_matched,target_locked,robust_logistic_drop_redundant_alpha_asym_12_l2_0.1,logistic,drop_redundant_alpha_asym_12,robust,0.1,,0.5210829428826417,0.5187534879726872,0.05032880603753194,0.542220058298647,0.5093194854147398,4
q1_quality_matched,target_locked,robust_logistic_drop_redundant_alpha_asym_12_l2_1,logistic,drop_redundant_alpha_asym_12,robust,1.0,,0.516453313253012,0.5134384810850768,0.04260061921889209,0.5390442576198635,0.5013475217419892,4
q1_quality_matched,target_locked,robust_logistic_drop_redundant_alpha_asym_12_l2_10,logistic,drop_redundant_alpha_asym_12,robust,10.0,,0.5151745872378403,0.51283075002108,0.029785202417845977,0.5295886739909468,0.5001295285294454,4
q1_quality_matched,target_locked,robust_logistic_full_baseline_13_l2_0.1,logistic,full_baseline_13,robust,0.1,,0.5210829428826417,0.5187534879726872,0.05032880603753194,0.542220058298647,0.5093194854147398,4
q1_quality_matched,target_locked,robust_logistic_full_baseline_13_l2_1,logistic,full_baseline_13,robust,1.0,,0.510316265060241,0.5068908620374577,0.04022211913903642,0.540223653403969,0.4942661260368004,4
q1_quality_matched,target_locked,robust_logistic_full_baseline_13_l2_10,logistic,full_baseline_13,robust,10.0,,0.5088116354306114,0.5051652447945991,0.04242328003108709,0.528407948923919,0.4903122937733922,4
q1_quality_matched,target_locked,shrinkage_lda_bandpower_only_9,lda,bandpower_only_9,standard,,,0.49943942436412314,0.4973936684212077,0.056894813163131594,0.5394934539696603,0.4881930446198215,4
q1_quality_matched,target_locked,shrinkage_lda_drop_redundant_alpha_asym_12,lda,drop_redundant_alpha_asym_12,standard,,,0.525605198572066,0.5237318620154988,0.0660589983260153,0.5317531123046799,0.5127728075045742,4
q1_quality_matched,target_locked,shrinkage_lda_erp_only_3,lda,erp_only_3,standard,,,0.46445225345827756,0.47113937339287937,0.07133335206398098,0.5213244661805109,0.4537143143109929,4
q1_quality_matched,target_locked,shrinkage_lda_full_baseline_13,lda,full_baseline_13,standard,,,0.5302348282016957,0.5271759660378199,0.06153661522906468,0.5287126812021682,0.5149126226397486,4
raw_qc_pass,cue_locked,baseline_logistic_l2_1,logistic,full_baseline_13,standard,1.0,,0.4672803516567917,0.4601094303048512,0.03289180246265426,0.48341780819424973,0.44900202825364266,4
raw_qc_pass,cue_locked,linear_svm_drop_redundant_alpha_asym_12_C_0.01,linear_svm,drop_redundant_alpha_asym_12,standard,0.01,,0.4780309139784946,0.4709523931887484,0.04326483546555606,0.47842400544374025,0.4607764444788754,4
raw_qc_pass,cue_locked,linear_svm_drop_redundant_alpha_asym_12_C_0.1,linear_svm,drop_redundant_alpha_asym_12,standard,0.1,,0.4719550279789335,0.46448333162024186,0.04845967435357325,0.4858169402090925,0.45334444623399517,4
raw_qc_pass,cue_locked,linear_svm_drop_redundant_alpha_asym_12_C_1,linear_svm,drop_redundant_alpha_asym_12,standard,1.0,,0.47498655913978494,0.46723193742735836,0.03386306894883536,0.48705471545049095,0.45570831576426163,4
raw_qc_pass,cue_locked,linear_svm_drop_redundant_alpha_asym_12_C_10,linear_svm,drop_redundant_alpha_asym_12,standard,10.0,,0.47498655913978494,0.46723193742735836,0.03386306894883536,0.4877704448992608,0.45570831576426163,4
raw_qc_pass,cue_locked,linear_svm_full_baseline_13_C_0.01,linear_svm,full_baseline_13,standard,0.01,,0.4805309139784946,0.47326720800356326,0.04413993283084109,0.47902509738579735,0.46316522894002826,4
raw_qc_pass,cue_locked,linear_svm_full_baseline_13_C_0.1,linear_svm,full_baseline_13,standard,0.1,,0.4719550279789335,0.46448333162024186,0.04845967435357325,0.4859121799358463,0.45334444623399517,4
raw_qc_pass,cue_locked,linear_svm_full_baseline_13_C_1,linear_svm,full_baseline_13,standard,1.0,,0.47498655913978494,0.46723193742735836,0.03386306894883536,0.48705471545049095,0.45570831576426163,4
raw_qc_pass,cue_locked,linear_svm_full_baseline_13_C_10,linear_svm,full_baseline_13,standard,10.0,,0.47498655913978494,0.46723193742735836,0.03386306894883536,0.4877704448992608,0.45570831576426163,4
raw_qc_pass,cue_locked,logistic_bandpower_only_9_l2_0.1,logistic,bandpower_only_9,standard,0.1,,0.4886177172481896,0.47980907595847466,0.0343142382293091,0.479250544612478,0.46748113352432047,4
raw_qc_pass,cue_locked,logistic_bandpower_only_9_l2_10,logistic,bandpower_only_9,standard,10.0,,0.45998347322800087,0.45255006133243875,0.040672847604302335,0.4690728910683428,0.4390856909507542,4
raw_qc_pass,cue_locked,logistic_bandpower_only_9_l2_100,logistic,bandpower_only_9,standard,100.0,,0.4937218839148563,0.4863899591004124,0.032136692562911344,0.474590010311179,0.4616007077006939,4
raw_qc_pass,cue_locked,logistic_drop_redundant_alpha_asym_12_l2_0.1,logistic,drop_redundant_alpha_asym_12,standard,0.1,,0.4777278774412991,0.47046385621778775,0.02492880996935054,0.48497586643207985,0.46047344589600075,4
raw_qc_pass,cue_locked,logistic_drop_redundant_alpha_asym_12_l2_10,logistic,drop_redundant_alpha_asym_12,standard,10.0,,0.4699153774412991,0.4628846384454618,0.03884075036459937,0.4784675229864869,0.4506130638198013,4
raw_qc_pass,cue_locked,logistic_drop_redundant_alpha_asym_12_l2_100,logistic,drop_redundant_alpha_asym_12,standard,100.0,,0.4623908958744788,0.4549874516051667,0.02181002644687909,0.47738992650147444,0.4314853805080632,4
raw_qc_pass,cue_locked,logistic_erp_only_3_l2_0.1,logistic,erp_only_3,standard,0.1,,0.5056699171604125,0.5077356550240454,0.06836899948270662,0.5115031423619151,0.4610358163370269,4
raw_qc_pass,cue_locked,logistic_erp_only_3_l2_10,logistic,erp_only_3,standard,10.0,,0.5189885752688173,0.5160545259122965,0.023098860790039644,0.5082167952677512,0.4598024688802863,4
raw_qc_pass,cue_locked,logistic_erp_only_3_l2_100,logistic,erp_only_3,standard,100.0,,0.5165395956769805,0.5022855063615933,0.02467337275127045,0.5045242086176407,0.37660879394964264,4
raw_qc_pass,cue_locked,logistic_full_baseline_13_l2_0.1,logistic,full_baseline_13,standard,0.1,,0.4777278774412991,0.47046385621778775,0.02492880996935054,0.48497586643207985,0.46047344589600075,4
raw_qc_pass,cue_locked,logistic_full_baseline_13_l2_10,logistic,full_baseline_13,standard,10.0,,0.47251954410796576,0.46586082892165226,0.03322257129510584,0.47733842786648834,0.4544369722016126,4
raw_qc_pass,cue_locked,logistic_full_baseline_13_l2_100,logistic,full_baseline_13,standard,100.0,,0.45481758832565283,0.44675147034073953,0.020977085411984182,0.4764956127602597,0.42292009615875586,4
raw_qc_pass,cue_locked,rbf_svm_drop_redundant_alpha_asym_12_C_0.1_gamma_0.03,rbf_svm,drop_redundant_alpha_asym_12,standard,0.1,0.03,0.5166278527540048,0.5,0.0,0.5206712563712256,0.34025726172308907,4
raw_qc_pass,cue_locked,rbf_svm_drop_redundant_alpha_asym_12_C_0.1_gamma_0.1,rbf_svm,drop_redundant_alpha_asym_12,standard,0.1,0.1,0.5192320194206715,0.5029761904761905,0.005952380952380931,0.5379296721996383,0.3466752420570987,4
raw_qc_pass,cue_locked,rbf_svm_drop_redundant_alpha_asym_12_C_0.1_gamma_scale,rbf_svm,drop_redundant_alpha_asym_12,standard,0.1,scale,0.5192320194206715,0.5029761904761905,0.005952380952380931,0.5329674996746381,0.3466752420570987,4
raw_qc_pass,cue_locked,rbf_svm_drop_redundant_alpha_asym_12_C_10_gamma_0.03,rbf_svm,drop_redundant_alpha_asym_12,standard,10.0,0.03,0.5163312623436471,0.5181911133287174,0.024660986764498752,0.5338970321914355,0.5125342315701645,4
raw_qc_pass,cue_locked,rbf_svm_drop_redundant_alpha_asym_12_C_10_gamma_0.1,rbf_svm,drop_redundant_alpha_asym_12,standard,10.0,0.1,0.5192809139784946,0.517298223241794,0.02474392799187432,0.5116864878563152,0.5160948780052175,4
raw_qc_pass,cue_locked,rbf_svm_drop_redundant_alpha_asym_12_C_10_gamma_scale,rbf_svm,drop_redundant_alpha_asym_12,standard,10.0,scale,0.527310319289006,0.5276642619380825,0.020615525357331917,0.515890158553202,0.5245375127949552,4
raw_qc_pass,cue_locked,rbf_svm_drop_redundant_alpha_asym_12_C_1_gamma_0.03,rbf_svm,drop_redundant_alpha_asym_12,standard,1.0,0.03,0.4901151387974545,0.49472774929527935,0.046041342025017355,0.5283150131380936,0.4694111605521052,4
raw_qc_pass,cue_locked,rbf_svm_drop_redundant_alpha_asym_12_C_1_gamma_0.1,rbf_svm,drop_redundant_alpha_asym_12,standard,1.0,0.1,0.514187445139346,0.5156410308179503,0.009790539136916774,0.5393659472059101,0.5070847202159173,4
raw_qc_pass,cue_locked,rbf_svm_drop_redundant_alpha_asym_12_C_1_gamma_scale,rbf_svm,drop_redundant_alpha_asym_12,standard,1.0,scale,0.5163621214614879,0.5204581827789506,0.021665392734342745,0.5453560177388422,0.5098488632243057,4
raw_qc_pass,cue_locked,rbf_svm_full_baseline_13_C_0.1_gamma_0.03,rbf_svm,full_baseline_13,standard,0.1,0.03,0.5166278527540048,0.5,0.0,0.5107898680304632,0.34025726172308907,4
raw_qc_pass,cue_locked,rbf_svm_full_baseline_13_C_0.1_gamma_0.1,rbf_svm,full_baseline_13,standard,0.1,0.1,0.5090236860873382,0.49411950770646423,0.007985584304981188,0.5311217926755238,0.34658585376596684,4
raw_qc_pass,cue_locked,rbf_svm_full_baseline_13_C_0.1_gamma_scale,rbf_svm,full_baseline_13,standard,0.1,scale,0.5140236860873382,0.49874913733609383,0.0036549615688352324,0.5267452205376196,0.34896523973087906,4
raw_qc_pass,cue_locked,rbf_svm_full_baseline_13_C_10_gamma_0.03,rbf_svm,full_baseline_13,standard,10.0,0.03,0.5062069343866579,0.5086699840400118,0.0175954886524503,0.5262151191364112,0.5012453190592308,4
raw_qc_pass,cue_locked,rbf_svm_full_baseline_13_C_10_gamma_0.1,rbf_svm,full_baseline_13,standard,10.0,0.1,0.49617394941847703,0.49517642394608163,0.021040302332335666,0.5034474122028084,0.4938469103848366,4
raw_qc_pass,cue_locked,rbf_svm_full_baseline_13_C_10_gamma_scale,rbf_svm,full_baseline_13,standard,10.0,scale,0.5034708278472679,0.5048278705482683,0.04463338878104894,0.5123194257290773,0.5019693047545791,4
raw_qc_pass,cue_locked,rbf_svm_full_baseline_13_C_1_gamma_0.03,rbf_svm,full_baseline_13,standard,1.0,0.03,0.48526820002194426,0.4900859538926144,0.031338094349009,0.5187503780723793,0.47235070395594214,4
raw_qc_pass,cue_locked,rbf_svm_full_baseline_13_C_1_gamma_0.1,rbf_svm,full_baseline_13,standard,1.0,0.1,0.524342632214176,0.5269162433824783,0.014473341399934727,0.5281307381503959,0.517470703911044,4
raw_qc_pass,cue_locked,rbf_svm_full_baseline_13_C_1_gamma_scale,rbf_svm,full_baseline_13,standard,1.0,scale,0.5217054805793285,0.5249180445757688,0.016388463343679115,0.5370014809769666,0.5147016699601273,4
raw_qc_pass,cue_locked,robust_logistic_drop_redundant_alpha_asym_12_l2_0.1,logistic,drop_redundant_alpha_asym_12,robust,0.1,,0.4777278774412991,0.47046385621778775,0.02492880996935054,0.48484708650835695,0.46047344589600075,4
raw_qc_pass,cue_locked,robust_logistic_drop_redundant_alpha_asym_12_l2_1,logistic,drop_redundant_alpha_asym_12,robust,1.0,,0.4700216699583059,0.4631403667597007,0.027600816625389605,0.4846502966973981,0.4506517413959441,4
raw_qc_pass,cue_locked,robust_logistic_drop_redundant_alpha_asym_12_l2_10,logistic,drop_redundant_alpha_asym_12,robust,10.0,,0.4675216699583059,0.45998918446305126,0.02338245810857611,0.48462746332195916,0.44654206692813536,4
raw_qc_pass,cue_locked,robust_logistic_full_baseline_13_l2_0.1,logistic,full_baseline_13,robust,0.1,,0.4777278774412991,0.47046385621778775,0.02492880996935054,0.4849573157852529,0.46047344589600075,4
raw_qc_pass,cue_locked,robust_logistic_full_baseline_13_l2_1,logistic,full_baseline_13,robust,1.0,,0.4674175032916392,0.4608255519448859,0.031826990424399,0.48453466302487264,0.4488432944531688,4
raw_qc_pass,cue_locked,robust_logistic_full_baseline_13_l2_10,logistic,full_baseline_13,robust,10.0,,0.4676588215931534,0.4609062884386659,0.02275223378793226,0.4829599484240249,0.4494577111417751,4
raw_qc_pass,cue_locked,shrinkage_lda_bandpower_only_9,lda,bandpower_only_9,standard,,,0.47037785275400484,0.46210087557798013,0.03966335854767225,0.46781545920075057,0.45284345635154893,4
raw_qc_pass,cue_locked,shrinkage_lda_drop_redundant_alpha_asym_12,lda,drop_redundant_alpha_asym_12,standard,,,0.4648622311827957,0.4564483326913947,0.043522305961173194,0.47405282201381493,0.44591080274142564,4
raw_qc_pass,cue_locked,shrinkage_lda_erp_only_3,lda,erp_only_3,standard,,,0.5135792462146149,0.5084095611963327,0.04022327901416607,0.5019450568903236,0.43915994077820847,4
raw_qc_pass,cue_locked,shrinkage_lda_full_baseline_13,lda,full_baseline_13,standard,,,0.4752587365591398,0.46717412059109564,0.035271792165677544,0.47568455338074517,0.4565853625307283,4
raw_qc_pass,target_locked,baseline_logistic_l2_1,logistic,full_baseline_13,standard,1.0,,0.528061224489796,0.5224995399195834,0.06137116125387393,0.5256555984691247,0.5091665572949008,4
raw_qc_pass,target_locked,linear_svm_drop_redundant_alpha_asym_12_C_0.01,linear_svm,drop_redundant_alpha_asym_12,standard,0.01,,0.5230102040816327,0.517502071730686,0.05868302354749011,0.5243353361901162,0.5060802987673021,4
raw_qc_pass,target_locked,linear_svm_drop_redundant_alpha_asym_12_C_0.1,linear_svm,drop_redundant_alpha_asym_12,standard,0.1,,0.5305612244897959,0.5249995399195835,0.06089408154753991,0.5256787407912493,0.5142146543836137,4
raw_qc_pass,target_locked,linear_svm_drop_redundant_alpha_asym_12_C_1,linear_svm,drop_redundant_alpha_asym_12,standard,1.0,,0.5255102040816326,0.5206828089988853,0.055981077766730516,0.5264593402409118,0.5079160263570421,4
raw_qc_pass,target_locked,linear_svm_drop_redundant_alpha_asym_12_C_10,linear_svm,drop_redundant_alpha_asym_12,standard,10.0,,0.5255102040816326,0.5206828089988853,0.055981077766730516,0.5262420291265427,0.5079160263570421,4
raw_qc_pass,target_locked,linear_svm_full_baseline_13_C_0.01,linear_svm,full_baseline_13,standard,0.01,,0.5154081632653061,0.5096207057036,0.05842408153719172,0.5232015589161975,0.4975279673128603,4
raw_qc_pass,target_locked,linear_svm_full_baseline_13_C_0.1,linear_svm,full_baseline_13,standard,0.1,,0.5280102040816327,0.5220925631753974,0.06405351382353795,0.5256549543467415,0.5108121881048434,4
raw_qc_pass,target_locked,linear_svm_full_baseline_13_C_1,linear_svm,full_baseline_13,standard,1.0,,0.5255102040816326,0.5206828089988853,0.055981077766730516,0.5263536319956686,0.5079160263570421,4
raw_qc_pass,target_locked,linear_svm_full_baseline_13_C_10,linear_svm,full_baseline_13,standard,10.0,,0.5255102040816326,0.5206828089988853,0.055981077766730516,0.5262420291265427,0.5079160263570421,4
raw_qc_pass,target_locked,logistic_bandpower_only_9_l2_0.1,logistic,bandpower_only_9,standard,0.1,,0.5153571428571428,0.5099478860901094,0.051221904418809555,0.531317819849054,0.49685917957129955,4
raw_qc_pass,target_locked,logistic_bandpower_only_9_l2_10,logistic,bandpower_only_9,standard,10.0,,0.5254081632653061,0.5200843816521972,0.05849596656447234,0.5337120318160601,0.5086817423395292,4
raw_qc_pass,target_locked,logistic_bandpower_only_9_l2_100,logistic,bandpower_only_9,standard,100.0,,0.5027040816326531,0.49889104444196375,0.02481167987974727,0.5423846230947642,0.4671349790105421,4
raw_qc_pass,target_locked,logistic_drop_redundant_alpha_asym_12_l2_0.1,logistic,drop_redundant_alpha_asym_12,standard,0.1,,0.5255102040816326,0.5206828089988853,0.055981077766730516,0.5257455590796111,0.5079160263570421,4
raw_qc_pass,target_locked,logistic_drop_redundant_alpha_asym_12_l2_10,logistic,drop_redundant_alpha_asym_12,standard,10.0,,0.5204591836734693,0.5146485148489961,0.054295787044854195,0.5237008369238907,0.5033833261169486,4
raw_qc_pass,target_locked,logistic_drop_redundant_alpha_asym_12_l2_100,logistic,drop_redundant_alpha_asym_12,standard,100.0,,0.5026020408163265,0.4980624792912682,0.03087945675631578,0.5347187526689958,0.4680418753960519,4
raw_qc_pass,target_locked,logistic_erp_only_3_l2_0.1,logistic,erp_only_3,standard,0.1,,0.5253571428571429,0.5109937738808856,0.01951305102280314,0.48836154797371656,0.39127476401473205,4
raw_qc_pass,target_locked,logistic_erp_only_3_l2_10,logistic,erp_only_3,standard,10.0,,0.5227551020408163,0.5073163820878988,0.009630885807125466,0.49013848872022914,0.380905574190298,4
raw_qc_pass,target_locked,logistic_erp_only_3_l2_100,logistic,erp_only_3,standard,100.0,,0.5176530612244898,0.5015327695560253,0.003065539112050699,0.4852637164760669,0.36453015375429165,4
raw_qc_pass,target_locked,logistic_full_baseline_13_l2_0.1,logistic,full_baseline_13,standard,0.1,,0.5255102040816326,0.5206828089988853,0.055981077766730516,0.5255341425891249,0.5079160263570421,4
raw_qc_pass,target_locked,logistic_full_baseline_13_l2_10,logistic,full_baseline_13,standard,10.0,,0.5230612244897959,0.5174054466942506,0.07436023263552317,0.5216434595841037,0.5035631154363427,4
raw_qc_pass,target_locked,logistic_full_baseline_13_l2_100,logistic,full_baseline_13,standard,100.0,,0.5204081632653061,0.5158238481094085,0.03267467831035704,0.5325051214258859,0.4894130491359163,4
raw_qc_pass,target_locked,rbf_svm_drop_redundant_alpha_asym_12_C_0.1_gamma_0.03,rbf_svm,drop_redundant_alpha_asym_12,standard,0.1,0.03,0.5252040816326531,0.5058373590982287,0.011674718196457361,0.538972602007629,0.357570430471039,4
raw_qc_pass,target_locked,rbf_svm_drop_redundant_alpha_asym_12_C_0.1_gamma_0.1,rbf_svm,drop_redundant_alpha_asym_12,standard,0.1,0.1,0.522704081632653,0.5035225442834138,0.007045088566827626,0.5332082034096958,0.3561913016382978,4
raw_qc_pass,target_locked,rbf_svm_drop_redundant_alpha_asym_12_C_0.1_gamma_scale,rbf_svm,drop_redundant_alpha_asym_12,standard,0.1,scale,0.527704081632653,0.5089573268921095,0.01791465378421896,0.5342096184867164,0.36625737694774285,4
raw_qc_pass,target_locked,rbf_svm_drop_redundant_alpha_asym_12_C_10_gamma_0.03,rbf_svm,drop_redundant_alpha_asym_12,standard,10.0,0.03,0.4900510204081633,0.4858663383483558,0.03464952731446984,0.5305584846679509,0.47213539923515346,4
raw_qc_pass,target_locked,rbf_svm_drop_redundant_alpha_asym_12_C_10_gamma_0.1,rbf_svm,drop_redundant_alpha_asym_12,standard,10.0,0.1,0.48964285714285716,0.49031003926722605,0.04398829681551744,0.5039991141244307,0.4852259309045025,4
raw_qc_pass,target_locked,rbf_svm_drop_redundant_alpha_asym_12_C_10_gamma_scale,rbf_svm,drop_redundant_alpha_asym_12,standard,10.0,scale,0.4897959183673469,0.4896124917912327,0.03289593145690039,0.5126294555986276,0.4851343570086201,4
raw_qc_pass,target_locked,rbf_svm_drop_redundant_alpha_asym_12_C_1_gamma_0.03,rbf_svm,drop_redundant_alpha_asym_12,standard,1.0,0.03,0.5155102040816326,0.5088735851086477,0.056249078663860204,0.5315887339748029,0.48934244901648416,4
raw_qc_pass,target_locked,rbf_svm_drop_redundant_alpha_asym_12_C_1_gamma_0.1,rbf_svm,drop_redundant_alpha_asym_12,standard,1.0,0.1,0.5025,0.5008370488733677,0.0511096787048811,0.5188416787338311,0.48801360691576035,4
raw_qc_pass,target_locked,rbf_svm_drop_redundant_alpha_asym_12_C_1_gamma_scale,rbf_svm,drop_redundant_alpha_asym_12,standard,1.0,scale,0.4975,0.49502454628247927,0.040945367228196895,0.5229953191967434,0.479418976033757,4
raw_qc_pass,target_locked,rbf_svm_full_baseline_13_C_0.1_gamma_0.03,rbf_svm,full_baseline_13,standard,0.1,0.03,0.5202040816326531,0.500805152979066,0.0016103059581320522,0.5369493627860132,0.3509037638043723,4
raw_qc_pass,target_locked,rbf_svm_full_baseline_13_C_0.1_gamma_0.1,rbf_svm,full_baseline_13,standard,0.1,0.1,0.522704081632653,0.5027173913043479,0.005434782608695682,0.5281970940046457,0.3477915401915229,4
raw_qc_pass,target_locked,rbf_svm_full_baseline_13_C_0.1_gamma_scale,rbf_svm,full_baseline_13,standard,0.1,scale,0.5202040816326531,0.500805152979066,0.0016103059581320522,0.5321894212378608,0.3509037638043723,4
raw_qc_pass,target_locked,rbf_svm_full_baseline_13_C_10_gamma_0.03,rbf_svm,full_baseline_13,standard,10.0,0.03,0.4825510204081632,0.4788458126814844,0.060582764613203756,0.5239593934411253,0.4702565716174628,4
raw_qc_pass,target_locked,rbf_svm_full_baseline_13_C_10_gamma_0.1,rbf_svm,full_baseline_13,standard,10.0,0.1,0.4999489795918367,0.49856916955782005,0.05202598498112927,0.5026569651773568,0.4956405104646098,4
raw_qc_pass,target_locked,rbf_svm_full_baseline_13_C_10_gamma_scale,rbf_svm,full_baseline_13,standard,10.0,scale,0.49479591836734693,0.49351456637117685,0.03776548176368648,0.5048726743456369,0.4893012929871777,4
raw_qc_pass,target_locked,rbf_svm_full_baseline_13_C_1_gamma_0.03,rbf_svm,full_baseline_13,standard,1.0,0.03,0.5254591836734694,0.5199689754367145,0.05307332160559643,0.532525788160224,0.5017235207421628,4
raw_qc_pass,target_locked,rbf_svm_full_baseline_13_C_1_gamma_0.1,rbf_svm,full_baseline_13,standard,1.0,0.1,0.49515306122448977,0.49325988673732185,0.05901026866914811,0.5135140041311985,0.4846886730767421,4
raw_qc_pass,target_locked,rbf_svm_full_baseline_13_C_1_gamma_scale,rbf_svm,full_baseline_13,standard,1.0,scale,0.5002040816326531,0.49760695861451865,0.056040087371880466,0.519966140660884,0.4863065044878372,4
raw_qc_pass,target_locked,robust_logistic_drop_redundant_alpha_asym_12_l2_0.1,logistic,drop_redundant_alpha_asym_12,robust,0.1,,0.5255102040816326,0.5206828089988853,0.055981077766730516,0.5250336214292541,0.5079160263570421,4
raw_qc_pass,target_locked,robust_logistic_drop_redundant_alpha_asym_12_l2_1,logistic,drop_redundant_alpha_asym_12,robust,1.0,,0.5229591836734694,0.5169029777355592,0.06709947208136831,0.5256532083582313,0.5012998400419049,4
raw_qc_pass,target_locked,robust_logistic_drop_redundant_alpha_asym_12_l2_10,logistic,drop_redundant_alpha_asym_12,robust,10.0,,0.5204591836734693,0.5146323680087542,0.050513126747057956,0.5246226910012489,0.5007633439629271,4
raw_qc_pass,target_locked,robust_logistic_full_baseline_13_l2_0.1,logistic,full_baseline_13,robust,0.1,,0.5255102040816326,0.5206828089988853,0.055981077766730516,0.5248315660995918,0.5079160263570421,4
raw_qc_pass,target_locked,robust_logistic_full_baseline_13_l2_1,logistic,full_baseline_13,robust,1.0,,0.5204081632653061,0.5139960009913731,0.07081395483116518,0.5255367277448852,0.497760742841388,4
raw_qc_pass,target_locked,robust_logistic_full_baseline_13_l2_10,logistic,full_baseline_13,robust,10.0,,0.5256122448979592,0.5199024973370813,0.06533303383115015,0.5237171456123936,0.5049204169512027,4
raw_qc_pass,target_locked,shrinkage_lda_bandpower_only_9,lda,bandpower_only_9,standard,,,0.5254591836734694,0.5200741702445266,0.053604928297572255,0.5332707478785437,0.5086825373814433,4
raw_qc_pass,target_locked,shrinkage_lda_drop_redundant_alpha_asym_12,lda,drop_redundant_alpha_asym_12,standard,,,0.5180102040816327,0.5122846804263381,0.06157232133117732,0.5246232755772468,0.5015395609088978,4
raw_qc_pass,target_locked,shrinkage_lda_erp_only_3,lda,erp_only_3,standard,,,0.5151530612244898,0.4998218632561707,0.0074439792499558085,0.4953711328662859,0.3737824380636614,4
raw_qc_pass,target_locked,shrinkage_lda_full_baseline_13,lda,full_baseline_13,standard,,,0.5180102040816327,0.5116661602490546,0.05476398671712943,0.5229936723787796,0.499430014096486,4
