trial,channel,clipping_ratio,longest_clip_s,peak_to_peak,jump,drift,peak_to_peak_z,jump_z,drift_z,clip_abnormal,amplitude_abnormal,jump_abnormal,drift_abnormal,is_abnormal
1,F3,0.0,0.0,271.88525215533707,25.00343327992695,76.95124742503992,-0.03187197802197737,0.21779242488369638,-0.20201098846949975,False,False,False,False,False
1,Fz,0.0,0.0,197.60433356221893,18.38406958113968,9.979400320439481,0.9424909961685893,-0.16314893617025594,-0.3825945378151204,False,False,False,False,False
1,F4,0.0,0.0,351.23216601815807,22.525368123903068,303.242542153048,0.13360627724498622,-0.004029271206831958,1.3831720338293896,False,False,False,False,False
2,F3,0.0,0.0,264.19470511940176,20.317387655451288,178.77470054169527,-0.06922890109890197,-1.5353937790943488,0.6851356558588753,False,False,False,False,False
2,Fz,0.0,0.0,75.13542381933314,16.40802624551757,25.36049439230959,-1.131661111111114,-1.1412872340426636,0.4336071428571503,False,False,False,False,False
2,F4,0.0,0.0,1220.1113908598459,24.214541847867622,1089.3415732051576,3.4821136006974713,0.8880513739547492,7.034666951288933,False,False,False,True,True
3,F3,0.22630992196209587,0.7578125,1091.5388723582819,22.92362859540702,525.8258945601585,3.949605164835165,-0.5603231062209,3.7088526165369102,True,True,False,True,True
3,Fz,0.0,0.0,395.0255588616769,16.8505378805218,229.78561074235148,4.28604693486591,-0.9222446808511341,11.281478091236439,False,True,False,True,True
3,F4,0.47491638795986624,1.6640625,1192.004272526131,21.785305561913333,1160.0213626306554,3.3737937227550128,-0.3948685782558615,7.542804545824185,True,False,False,True,True
4,F3,0.0,0.0,345.61684596017403,27.774471656367062,59.678034637979636,0.3262801098901099,1.254518620397878,-0.3525055188725742,False,False,False,False,False
4,Fz,0.0,0.0,74.7386892500192,17.03364614328204,21.31685358968491,-1.1383802681992334,-0.8316063829788407,0.21903031212485174,False,False,False,False,False
4,F4,0.10479375696767002,0.3671875,1284.5654993514916,23.66826886396589,1148.1956206607156,3.730508369659983,0.5995555555556545,7.457785842075301,True,True,False,True,True
5,F3,0.0,0.0,326.35996032654316,25.131609063858967,194.78141451132984,0.23273956043956048,0.2657467202708289,0.8245956933083681,False,False,False,False,False
5,Fz,0.0,0.0,87.8919661249713,16.116578927290707,9.338521400778063,-0.915614367816095,-1.2855531914894676,-0.4166029411764736,False,False,False,False,False
5,F4,0.0,0.0,143.09910734721905,20.714122224765408,10.26932173647674,-0.6685018308631212,-0.9605782556752271,-0.7230977880783928,False,False,False,False,False
6,F3,0.0,0.0,1060.1968413824675,24.028381780727813,990.5851834897385,3.7973608791208804,-0.14700275074059377,7.758112693406928,False,True,False,True,True
6,Fz,0.0,0.0,128.60303654535755,18.715190356298052,51.224536507209905,-0.2261254789272013,0.0007553191489397651,1.8060891356542552,False,False,False,False,False
6,F4,0.0,0.0,1286.854352635996,23.16319523918515,1191.3633936064698,3.7393292066259813,0.33281780167264763,7.768131536147028,False,True,False,True,True
7,F3,0.0,0.0,142.33615625238417,22.778667887388355,70.86289768825822,-0.6611582417582427,-0.6145571307659876,-0.25505632206563517,False,False,False,False,False
7,Fz,0.0,0.0,52.21637293049514,17.306782635233297,3.7384603646906953,-1.5198216475095816,-0.6964042553190589,-0.7137716086434471,False,False,False,False,False
7,F4,0.0,0.0,446.3263904783703,20.167849240863575,381.6739147020674,0.5000826503923276,-1.2490740740743744,1.9470380174026174,False,False,False,False,False
8,F3,0.0,0.0,531.2275883115892,25.375753414206095,322.4994277866789,1.2278864835164833,0.3570882352940977,1.9373511875431186,False,False,False,False,False
8,Fz,0.0,0.0,100.22125581750197,17.885099565117812,48.310063324940984,-0.7068036398467467,-0.410138297872358,1.651431872749099,False,False,False,False,False
8,F4,0.0,0.0,702.3727779049362,23.35545891508351,470.71030746929125,1.4868402789886657,0.4343554360812593,2.587146580466781,False,False,False,False,False
9,F3,0.0,0.0,491.9203479056994,22.130159456778685,411.1848630502784,1.0369510989010995,-0.8571830300465876,2.7100315856903543,False,False,False,False,False
9,Fz,0.0,0.0,67.38384069581139,16.06164644846259,13.611047531853103,-1.2629431034482783,-1.3127446808511778,-0.18988025210084242,False,False,False,False,False
9,F4,0.0,0.0,192.72144655527597,19.269092851148105,79.11802853437098,-0.4772660854402784,-1.7237222222226305,-0.22812437993006396,False,False,False,False,False
10,F3,0.0,0.0,131.25810635538255,23.254749370565293,86.91538872358285,-0.714970000000001,-0.43644117647059905,-0.11519744752143476,False,False,False,False,False
10,Fz,0.0,0.0,74.00625619897755,16.08453498130792,25.207904173342627,-1.1507848659003868,-1.3014148936169918,0.42550990396159216,False,False,False,False,False
10,F4,0.0,0.0,152.0714122224765,20.639353017471503,100.25177386129553,-0.6339241499564081,-1.00006511350085,-0.0761877287143202,False,False,False,False,False
11,F3,0.0,0.0,1069.1386282139315,25.44747081712046,755.7335774776838,3.8407957142857145,0.38391980533214465,5.7119454518577,False,True,False,True,True
11,Fz,0.0,0.0,97.96292057679113,17.190814068818277,52.201113908598415,-0.7450511494252868,-0.7538085106382769,1.8579114645858243,False,False,False,False,False
11,F4,0.0,0.0,693.2173647669183,20.997940032044095,339.36064698252846,1.4515569311246725,-0.8106893667862417,1.6428356103114585,False,False,False,False,False
12,F3,0.0,0.0,139.1317616540781,22.265964751659325,91.32524605172813,-0.6767236263736264,-0.8063743123148753,-0.0767761407312503,False,False,False,False,False
12,Fz,0.0,0.0,67.84161135271233,15.719844357976646,1.2512397955290453,-1.255190229885059,-1.4819361702128702,-0.8457566026410526,False,False,False,False,False
12,F4,0.0,0.0,171.02311741817346,19.778744182497835,132.37201495384159,-0.5608876198779427,-1.454566905615618,0.15473404082296593,False,False,False,False,False
13,F3,0.0,0.0,67.3228046082246,22.459754329747334,30.09079118028535,-1.0255364835164844,-0.7338719847651647,-0.6102872277520456,False,False,False,False,False
13,Fz,0.0,0.0,62.28732738231474,17.376974135957756,10.849164568551146,-1.3492584291187772,-0.661659574468162,-0.3364402761104404,False,False,False,False,False
13,F4,0.0,0.0,91.92034790569915,21.965362020294563,40.78736552986953,-0.8657357454228426,-0.2997777777778357,-0.5036946816296657,False,False,False,False,False
14,F3,0.0,0.0,1176.9283588921949,25.597009231708064,323.7354085603112,4.364385604395604,0.4398664832838921,1.9481197891002282,False,True,False,False,True
14,Fz,0.0,0.0,124.05584802014187,17.120622568093268,57.52651255054553,-0.3031373563218401,-0.7885531914894465,2.1405051020408083,False,False,False,False,False
14,F4,0.43478260869565216,1.5234375,1299.732967116808,22.647440299076855,513.3745326924545,3.7889611159546646,0.06043906810034232,2.8938721232821023,True,True,False,False,True
15,F3,0.0,0.0,835.4619668879226,25.30556191348142,525.6427862973984,2.7057085714285725,0.33082754972495426,3.7072572681580813,False,False,False,True,True
15,Fz,0.0,0.0,150.57602807660032,16.241702906843607,15.83886472877117,0.14601245210728092,-1.2236170212767006,-0.07166056422567228,False,False,False,False,False
15,F4,0.20624303232998886,0.71484375,1197.9858091096362,21.695277332723013,950.1640344853895,3.3968455100261554,-0.44241397849471875,6.034079084329512,True,False,False,True,True
16,F3,0.0,0.0,408.8502327000838,23.69115739681088,289.921416037232,0.633437032967032,-0.27316821836646993,1.6535121218094035,False,False,False,False,False
16,Fz,0.0,0.0,143.46532387273987,18.39169909208822,1.4648661020828513,0.025584482758623062,-0.15937234042547974,-0.8344204681872682,False,False,False,False,False
16,F4,0.0,0.0,449.2866407263293,22.708476386663538,300.2822919050889,0.5114909328683517,0.09267323775381783,1.3618899325038631,False,False,False,False,False
17,F3,0.0,0.0,181.64339665827424,22.78782330052645,54.04745555809876,-0.47022285714285755,-0.6111318239525856,-0.40156248152163215,False,False,False,False,False
17,Fz,0.0,0.0,133.66903181506063,17.827115281910388,9.094377050431035,-0.14032701149425314,-0.43884042553192487,-0.4295585234093607,False,False,False,False,False
17,F4,0.0,0.0,178.68314641031498,20.50812542916003,3.204394598306351,-0.5313672188317354,-1.0693685782558775,-0.7738896072212728,False,False,False,False,False
18,F3,0.0,0.0,165.9266041046768,21.974517433432464,60.929274433508795,-0.5465673626373636,-0.9154132458738943,-0.3416039716172273,False,False,False,False,False
18,Fz,0.0,0.0,100.49591821164256,18.45883878843357,2.059967956054038,-0.7021519157088146,-0.1261382978723411,-0.8028412364945899,False,False,False,False,False
18,F4,0.0,0.0,140.7797360189212,23.20592050049591,20.614938582436764,-0.6774402789886661,0.35538172043012417,-0.6487201349922752,False,False,False,False,False
19,F3,0.0,0.0,135.16441596093705,22.15762569619291,20.553902494850206,-0.6959950549450549,-0.8469071096064054,-0.6933782891495021,False,False,False,False,False
19,Fz,0.0,0.0,130.89188982986195,17.325093461509304,2.853437094682249,-0.18736111111111034,-0.6873404255318379,-0.7607355942376876,False,False,False,False,False
19,F4,0.0,0.0,163.851377126726,21.234454871442917,36.118104829480444,-0.5885262423714044,-0.6857819593787983,-0.537263356916321,False,False,False,False,False
20,F3,0.1794871794871795,0.62890625,1330.9529259174487,32.297245746547645,1289.5551995117112,5.112561758241759,2.9466201862039494,10.36291775894354,True,True,False,True,True
20,Fz,0.0,0.0,271.3359273670558,19.78179598687717,139.8947127489128,2.191220498084296,0.5287234042553982,6.511394657863113,False,False,False,True,True
20,F4,0.3277591973244147,1.14453125,1460.5935759517815,25.822842755779405,1434.22598611429,4.408889537925022,1.7374217443252549,9.514141457266,True,True,False,True,True
21,F3,0.0,0.0,172.3353933012894,23.78576333257045,39.4140535591668,-0.515436593406594,-0.23777338129493128,-0.5290574061298917,False,False,False,False,False
21,Fz,0.0,0.0,126.98558022430768,17.00160219729904,11.703669794766029,-0.2535189655172405,-0.847468085106472,-0.2910957382953208,False,False,False,False,False
21,F4,0.0,0.0,309.23933775844966,21.486228732738155,126.39047837033644,-0.02822667829119454,-0.5528160095581206,0.11173103195901432,False,False,False,False,False
22,F3,0.0,0.0,1249.9275196459907,24.29846646829929,1174.8073548485543,4.718979890109891,-0.045956199746115374,9.363166108209333,False,True,False,True,True
22,Fz,0.0,0.0,191.80590524147397,17.123674372472927,71.3054093232625,0.844287931034484,-0.7870425531914156,2.871685774309717,False,False,False,False,False
22,F4,0.14938684503901895,0.5234375,1407.888914320592,22.83054856183695,1380.6668192568854,4.205775065387968,0.15714157706079324,9.129089005448481,True,True,False,True,True
23,F3,0.0,0.0,962.9358358129246,24.522774090180693,368.78004119935895,3.3249143956043965,0.037963817181505786,2.3405754902926987,False,False,False,False,False
23,Fz,0.0,0.0,138.67399099717704,17.39986266880301,82.32242313267739,-0.055562260536398865,-0.6503297872340146,3.4563064225690217,False,False,False,False,False
23,F4,0.0,0.0,1197.497520408942,23.685053788052144,551.5678644998854,3.3949637314734096,0.6084199522103171,3.168455111002683,False,False,False,False,False
24,F3,0.0,0.0,155.24528877698936,24.47852292668042,56.68726634622726,-0.5984519780219788,0.02140816758359184,-0.37856287572681574,False,False,False,False,False
24,Fz,0.0,0.0,127.32127870603506,18.05905241474019,34.66849774929443,-0.2478335249042128,-0.3240319148936064,0.9275387154862005,False,False,False,False,False
24,F4,0.0,0.0,167.02525368123906,23.631647211413682,111.48241397726406,-0.5762946817785526,0.5802150537634653,0.004552614458811178,False,False,False,False,False
25,F3,0.0,0.0,382.57419699397246,21.565575646601097,303.4256504158084,0.5058008791208778,-1.0684102835378424,1.7711690647482037,False,False,False,False,False
25,Fz,0.0,0.0,72.35828183413457,16.25238422217129,4.94392309452968,-1.1786952107279691,-1.2183297872341488,-0.6498034213685393,False,False,False,False,False
25,F4,0.0,0.0,1004.470893415732,21.068131532768692,937.3769741359579,2.651073147340889,-0.7736200716847912,5.942149182727495,False,False,False,True,True
26,F3,0.0,0.0,193.30128938735027,24.71808957045858,77.68368047608135,-0.4135945054945061,0.11103702920019022,-0.19562959495417503,False,False,False,False,False
26,Fz,0.0,0.0,139.37590600442513,17.24574654764618,8.636606393530144,-0.043674521072796395,-0.7266170212766724,-0.45385024009603514,False,False,False,False,False
26,F4,0.0,0.0,282.0782787823299,23.349355306324938,133.51644159609367,-0.1329006102877077,0.43113201911596266,0.16296165731479215,False,False,False,False,False
27,F3,0.3745819397993311,1.3125,1097.917143511101,24.855420767528813,912.138551918822,3.980587692307693,0.16241663140076865,7.074638858776001,True,True,False,True,True
27,Fz,0.0,0.0,221.34737163347825,19.94048981460288,133.9589532310979,1.3446067049808452,0.6072765957448014,6.1964120648259,False,False,False,True,True
27,F4,0.443701226309922,1.5546875,1162.6459143968873,22.525368123903284,1010.2845807583733,3.2606517872711427,-0.004029271206717507,6.466303204033504,True,False,False,True,True
28,F3,0.0,0.0,448.92042420080884,65.23537041275644,300.49591821164256,0.8280784615384619,15.269732331781427,1.7456434906869038,False,False,True,False,True
28,Fz,0.0,0.0,256.5041580834669,31.32066834515881,118.471046005951,1.940027394636021,6.24044680851123,5.3745423169267434,False,False,True,True,True
28,F4,0.0,0.0,461.2497138933395,44.64484626535443,311.482413977264,0.5575945074106367,11.677633811232573,1.4424108725705456,False,False,True,False,True
29,F3,0.0,0.0,196.68879224841692,23.42870222018753,105.13466086823843,-0.3971396703296707,-0.3713603470165534,0.04353971617226843,False,False,False,False,False
29,Fz,0.0,0.0,133.88265812161455,16.096742198824824,14.57236591134506,-0.13670900383141502,-1.295372340425727,-0.13886764705882154,False,False,False,False,False
29,F4,0.0,0.0,478.7670710307468,22.403295948729717,340.62714579995406,0.6251033129904092,-0.06849761051377547,1.6519408392290795,False,False,False,False,False
30,F3,0.0,0.0,90.05874723430225,21.40535591668571,7.293812466620977,-0.9150963736263745,-1.128353152771894,-0.8089081009165272,False,False,False,False,False
30,Fz,0.0,0.0,64.08789196612497,17.032120241092507,24.460212100404306,-1.3187637931034508,-0.8323617021277101,0.38583343337334663,False,False,False,False,False
30,F4,0.0,0.0,108.7357900358586,20.78431372549029,52.567330434119185,-0.800931996512642,-0.9235089605736264,-0.4190050825404569,False,False,False,False,False
31,F3,0.0,0.0,302.5253681239034,19.659723811703593,241.61135271229114,0.11696274725274743,-1.781444985188324,1.232606041194443,False,False,False,False,False
31,Fz,0.0,0.0,118.22690165560414,16.552986953536323,18.478675516899557,-0.40185727969348267,-1.0695319148936515,0.0684216686674792,False,False,False,False,False
31,F4,0.0,0.0,659.9832150759136,19.66735332265204,557.1068894483864,1.3234783783783781,-1.5133942652332633,3.208276774823128,False,False,False,False,False
32,F3,0.0,0.0,91.34050507362474,20.276188296330123,1.2359807736324342,-0.9088702197802206,-1.5508076597545584,-0.8616875431161927,False,False,False,False,False
32,Fz,0.0,0.0,71.22911421377898,17.52193484397646,3.692683299000464,-1.197818965517242,-0.5899042553191745,-0.7162007803121222,False,False,False,False,False
32,F4,0.0,0.0,114.29007400625619,20.248722056916044,17.120622568093495,-0.7795267654751526,-1.2063637992834584,-0.673841790680653,False,False,False,False,False
33,F3,0.0,0.0,96.31494621194781,21.341268024719696,44.89204242008083,-0.8847068131868139,-1.1523303004654624,-0.481329900463192,False,False,False,False,False
33,Fz,0.0,0.0,67.96368352788579,17.49752040894166,14.49607080186172,-1.2531227969348695,-0.6019893617021967,-0.14291626650659306,False,False,False,False,False
33,F4,0.0,0.0,81.36110475318537,19.256885633630766,40.57373922331578,-0.9064292066259807,-1.730169056153327,-0.5052305033748069,False,False,False,False,False
34,F3,0.0,0.0,131.19707026779577,21.76546883344796,15.136949721522797,-0.7152664835164845,-0.9936244181124837,-0.7405740120232595,False,False,False,False,False
34,Fz,0.0,0.0,69.36751354238197,18.405432211795453,0.3967345693141624,-1.2293473180076644,-0.1525744680849515,-0.8911011404561722,False,False,False,False,False
34,F4,0.0,0.0,135.01182574197014,18.53055619134812,59.647516594186186,-0.699668788142981,-2.1137556750302804,-0.36810356184435317,False,False,False,False,False
35,F3,0.0,0.0,106.44693675135409,19.699397268635053,50.492103456168536,-0.8354905494505508,-1.7666019889970235,-0.43253882921060394,False,False,False,False,False
35,Fz,0.0,0.0,67.50591287098496,17.135881589989957,7.476920729381163,-1.2608756704980868,-0.7810000000000874,-0.5153892557022801,False,False,False,False,False
35,F4,0.0,0.0,96.55909056229484,17.36934462500942,9.15541313801782,-0.8478588491717528,-2.7270107526887437,-0.7311060014637718,False,False,False,False,False
36,F3,0.3411371237458194,1.18359375,984.7867551689937,24.84626535439081,24.2465857938505,3.4310554945054954,0.15899132458740117,-0.6612054301764085,True,False,False,False,True
36,Fz,0.0,0.0,320.43945983062497,21.216144045166573,88.91432059205016,3.0228454022988593,1.2387234042554431,3.806107142857131,False,False,False,True,True
36,F4,0.3366778149386845,1.16796875,1033.6461432822157,22.37735561150541,265.2018005645838,2.7635094158674804,-0.0821971326164844,1.1096860616410507,True,False,False,False,True
37,F3,0.0,0.0,357.3052567330434,149.5826657511253,120.83619439993896,0.3830567032967029,46.82651311891609,0.18034083965704167,False,False,True,False,True
37,Fz,0.0,0.0,189.97482261387063,69.27443350881204,13.824673838406852,0.8132764367816143,25.027500000002696,-0.178544117647061,False,False,True,False,True
37,F4,0.0,0.0,349.4621194781414,91.20164797436455,171.72503242542143,0.12678482999128138,36.265052568703766,0.43765434658859825,False,False,True,False,True
38,F3,0.0,0.0,185.2750438696878,21.849393453879454,59.17448691538874,-0.45258208791208915,-0.9622257723233594,-0.35689272691435914,False,False,False,False,False
38,Fz,0.0,0.0,59.327077134355704,17.991912718394612,3.4943160143434397,-1.399393678160922,-0.3572659574468576,-0.7267271908763463,False,False,False,False,False
38,F4,0.0,0.0,104.92103456168456,19.269092851148116,59.57122148470279,-0.8156333914559722,-1.723722222222625,-0.36865206961047436,False,False,False,False,False
39,F3,0.4069119286510591,1.421875,1041.0315098802166,23.686579690241985,413.68734264133667,3.7042650549450546,-0.2748808717731138,2.7318346802010476,True,True,False,False,True
39,Fz,0.0,0.0,232.18127718013284,17.49294270237287,121.40077821011664,1.5280913793103499,-0.6042553191488982,5.530009303721457,False,False,False,True,True
39,F4,0.4882943143812709,1.7109375,979.7512779430839,20.656137941557848,366.97947661554895,2.5558081081081077,-0.9912007168461405,1.8413954216475563,True,False,False,False,True
40,F3,0.30211817168338906,1.046875,1383.5049973296711,23.35240711070407,790.1579308766308,5.367834065934066,-0.39990457046131866,6.01187094707796,True,True,False,True,True
40,Fz,0.0,0.0,209.0180819409477,17.795071335927386,12.710765239948273,1.135795977011499,-0.45470212765955625,-0.2376539615846219,False,False,False,False,False
40,F4,0.0,0.0,1210.193026626993,19.172961013199192,538.6434729533837,3.443889973844812,-1.7744910394267956,3.075537895421648,False,False,False,False,False
41,F3,0.0,0.0,803.9673456931408,21.779201953154658,601.2207217517358,2.552723076923076,-0.9884864578925481,4.365737311520653,False,False,False,True,True
41,Fz,0.0,0.0,147.2800793469138,16.754406042572555,8.972304875257464,0.09019176245210667,-0.9698297872341459,-0.4360363145258072,False,False,False,False,False
41,F4,0.013377926421404682,0.0234375,1481.7425803006026,19.87487602044728,1186.32791638056,4.4903940714908455,-1.4037980884111716,7.731930023582987,False,True,False,True,True
42,F3,0.0,0.0,224.58228427557788,23.87273975738157,96.58960860608829,-0.2616467032967041,-0.20523296656790846,-0.03090987483985469,False,False,False,False,False
42,Fz,0.0,0.0,211.7952239261466,16.93904020752258,141.22224765392542,1.18283007662836,-0.8784361702128599,6.58184063625447,False,False,False,True,True
42,F4,0.0,0.0,361.8829633020524,18.252841992828515,106.56900892652772,0.17465257192676573,-2.260421146953699,-0.030771285679434615,False,False,False,False,False
43,F3,0.0,0.0,155.73357747768375,21.86923018234533,36.45380331120771,-0.5960801098901102,-0.9548042742276546,-0.5548488715876624,False,False,False,False,False
43,Fz,0.0,0.0,152.07141222247662,17.605859464408244,0.06103608758678547,0.1713385057471286,-0.5483617021277037,-0.9089150660264032,False,False,False,False,False
43,F4,0.0,0.0,212.49713893339435,20.021362630655442,60.288395513847604,-0.40105405405405414,-1.3264360812427654,-0.3634960966089287,False,False,False,False,False
44,F3,0.0,0.0,189.2118715190354,21.335164415960914,5.79842832074462,-0.43345890109890267,-1.1546138383410827,-0.8219367793436495,False,False,False,False,False
44,Fz,0.0,0.0,163.72930495155265,16.50873579003567,10.131990539406388,0.36877835249042334,-1.0914361702129187,-0.37449729891956524,False,False,False,False,False
44,F4,0.0,0.0,219.0280003051805,18.542763408865238,70.7713435568781,-0.3758852659110721,-2.1073088410997003,-0.28813112954379044,False,False,False,False,False
45,F3,0.0,0.0,612.4055848020143,23.109788662546695,507.48455024032967,1.6222095604395612,-0.4906752010156614,3.5490518872573222,False,False,False,True,True
45,Fz,0.0,0.0,138.8570992599375,18.7121385519187,4.058899824521234,-0.052461111111109585,-0.0007553191489397651,-0.6967674069627796,False,False,False,False,False
45,F4,0.0,0.0,355.7488364995804,19.78789959563584,196.24628061341258,0.15101272885789027,-1.4497317801675962,0.6139447426201506,False,False,False,False,False
46,F3,0.18840579710144928,0.64453125,1159.5025558861676,33.7483787289235,548.3329518577859,4.279739560439561,3.4895313161235455,3.904947521434912,True,True,False,True,True
46,Fz,0.0,0.0,111.66552224002442,20.39520866712436,10.009918364232817,-0.5129818007662843,0.832361702127768,-0.38097509003601177,False,False,False,False,False
46,F4,0.411371237458194,1.43359375,1249.9275196459907,21.667811093308767,776.3485160601206,3.5970197035745426,-0.4569193548389085,4.784468691550785,True,True,False,True,True
47,F3,0.0,0.0,114.01541161211571,20.645456626230285,67.64324406805525,-0.7987265934065939,-1.412653618281815,-0.283107864393417,False,False,False,False,False
47,Fz,0.0,0.0,69.27595941100162,18.3138780804151,3.0212863355459376,-1.2308978927203111,-0.19789361702121258,-0.751828631452572,False,False,False,False,False
47,F4,0.0,0.0,112.30640115968572,22.226291294728036,71.73266193636982,-0.7871714908456842,-0.16197670250901408,-0.2812199316906566,False,False,False,False,False
48,F3,0.0,0.0,165.77401388571002,23.076218814374023,51.11772335393306,-0.5473085714285716,-0.503234659331339,-0.42708805558293106,False,False,False,False,False
48,Fz,0.0,0.0,140.6881818875412,18.13076981765462,23.620965896085977,-0.021449616858234148,-0.28853191489362384,0.3412986194477753,False,False,False,False,False
48,F4,0.0,0.0,167.20836194399942,21.576256961928504,54.74937056534674,-0.5755890148212728,-0.5052706093192484,-0.4033177604293732,False,False,False,False,False
49,F3,0.0,0.0,144.3503471427482,20.508125429159925,5.1117723353933116,-0.6513742857142861,-1.4640332204824411,-0.8279193357642662,False,False,False,False,False
49,Fz,0.0,0.0,63.14183260852985,15.90142671854723,13.778896772716848,-1.3347863984674344,-1.3920531914895078,-0.1809732893157239,False,False,False,False,False
49,F4,0.0,0.0,135.22545204852372,18.712138551918812,40.63477531090251,-0.6988455100261551,-2.0178590203110254,-0.5047916971619097,False,False,False,False,False
50,F3,0.0,0.0,127.71801327534911,22.523842221713448,30.258640421148925,-0.7321660439560443,-0.7098948370715593,-0.6088248250714511,False,False,False,False,False
50,Fz,0.0,0.0,82.24612802319382,18.07278553444717,14.373998626687978,-1.011233141762452,-0.31723404255320303,-0.14939405762304864,False,False,False,False,False
50,F4,0.0,0.0,323.8879987792783,20.570687418936487,74.21988250553136,0.02822667829119454,-1.0363285543610092,-0.2633385785150852,False,False,False,False,False
51,F3,0.0,0.0,750.0114442664226,21.805142290379095,24.567025253681322,2.2906316483516487,-0.9787814219213052,-0.6584135705134523,False,False,False,False,False
51,Fz,0.0,0.0,148.80598153658332,18.435950255588658,10.131990539406388,0.11603467432949933,-0.13746808510631975,-0.37449729891956524,False,False,False,False,False
51,F4,0.0,0.0,913.8628213931489,20.286869611657803,87.8767071030747,2.3018856146469053,-1.1862174432499928,-0.16515568837927944,False,False,False,False,False
52,F3,0.0,0.0,1339.2538338292516,28.21698329137113,190.92088197146558,5.152883516483517,1.4200751163775145,0.7909604316546767,False,True,False,False,True
52,Fz,0.0,0.0,236.45380331120782,19.528496223392036,95.3536278324558,1.6004515325670547,0.40334042553199334,4.147810624249673,False,False,False,True,True
52,F4,0.0,0.0,1106.7368581673913,23.06248569466714,104.47852292668028,3.045188142981691,0.2796314217444208,-0.045800398471172586,False,False,False,False,False
53,F3,0.017837235228539576,0.0625,1396.078431372549,27.814145113298196,185.2903028915846,5.42890967032967,1.2693616165890562,0.7419034690056177,True,True,False,False,True
53,Fz,0.0,0.0,317.1129930571451,19.484245059891606,149.98092622262908,2.966507854406138,0.3814361702128369,7.046622148859505,False,False,False,True,True
53,F4,0.0,0.0,1107.164110780499,23.78881513694946,16.678110933089272,3.0468346992153448,0.6632180406212017,-0.6770231357241597,False,False,False,False,False
54,F3,0.0,0.0,352.33081559472043,24.142824444952993,53.16243228809037,0.3588932967032966,-0.10418641557344999,-0.40927333201931615,False,False,False,False,False
54,Fz,0.0,0.0,122.01113908598472,18.554970626382783,15.976195925841353,-0.33776685823754593,-0.07855319148934517,-0.06437304921967447,False,False,False,False,False
54,F4,0.0,0.0,1026.2912947280079,22.590981918059033,15.625238422217024,2.735165126416739,0.03062246117080276,-0.6845925428966422,False,False,False,False,False
55,F3,0.0,0.0,257.450217441062,21.788357366292775,71.01548790722507,-0.10199032967033017,-0.985061151079138,-0.25372686508327685,False,False,False,False,False
55,Fz,0.0,0.0,128.1452658884565,19.320973525597097,6.225680933852345,-0.23387835249042255,0.3006170212767287,-0.5817866146458418,False,False,False,False,False
55,F4,0.0,0.0,216.25085831998172,21.51827267872138,110.20065613794156,-0.38658788142981687,-0.5358930704899312,-0.004662316012035337,False,False,False,False,False
56,F3,0.0,0.0,254.70359349965668,22.40634775310884,54.0169375143052,-0.11533208791208835,-0.7538529411765272,-0.4018283729181055,False,False,False,False,False
56,Fz,0.0,0.0,76.99702449073015,18.123140306706308,9.185931181811156,-1.1001327586206915,-0.29230851063828756,-0.4247001800720288,False,False,False,False,False
56,F4,0.0,0.0,142.30563820859084,20.636301213092274,32.74586099031046,-0.6715597210113339,-1.0016768219834684,-0.5615074001789058,False,False,False,False,False
57,F3,0.0,0.0,240.42114900434888,23.8437476157779,9.994659342336092,-0.184709230769231,-0.21607977147690233,-0.7853767123287686,False,False,False,False,False
57,Fz,0.0,0.0,186.31265735866327,18.989852750438743,5.310139620050336,0.7512534482758634,0.13671276595754178,-0.6303700480192028,False,False,False,False,False
57,F4,0.0,0.0,255.46654459449155,21.34126802471969,8.712901503013654,-0.23545754141237993,-0.6293721624851754,-0.7342873465072781,False,False,False,False,False
58,F3,0.0,0.0,150.75913633936068,24.696726939803124,85.60311284046679,-0.6202435164835169,0.10304464663562317,-0.12663077756972635,False,False,False,False,False
58,Fz,0.0,0.0,125.70382238498496,21.518272678721278,1.0986495765621953,-0.2752270114942558,1.3882765957448784,-0.8538538415366047,False,False,False,False,False
58,F4,0.0,0.0,163.057907988098,22.531471732662062,69.30647745479519,-0.5915841325196163,-0.0008058542413119804,-0.29866247865332973,False,False,False,False,False
59,F3,0.0,0.0,172.4879835202563,23.65453574425876,21.56099794003228,-0.5146953846153853,-0.2868694456199797,-0.6846038730659295,False,False,False,False,False
59,Fz,0.0,0.0,171.38933394369417,19.287403677424237,31.9829098954757,0.4985097701149433,0.2840000000000679,0.785027310924368,False,False,False,False,False
59,F4,0.0,0.0,193.66750591287075,21.39620050354781,6.652933546959616,-0.47362013949433396,-0.6003614097969909,-0.7490970561925674,False,False,False,False,False
60,F3,0.0,0.0,530.8003356984818,26.016632333867406,270.8323796444649,1.2258110989010993,0.5968597122302163,1.4871970533162535,False,False,False,False,False
60,Fz,0.0,0.0,217.59365224689088,20.14496070801854,32.13550011444272,1.2810331417624536,0.7084893617022234,0.7931245498199292,False,False,False,False,False
60,F4,0.0,0.0,436.6216525520714,23.05180437933947,188.76935988403153,0.46268230165649504,0.27399044205506246,0.5601909815402139,False,False,False,False,False
61,F3,0.0,0.0,330.0221255817503,23.590447852292648,135.63744563973438,0.25052857142857143,-0.31084659331358383,0.30929816694589474,False,False,False,False,False
61,Fz,0.0,0.0,81.36110475318537,19.62920576791016,26.367589837491323,-1.0262220306513419,0.4531914893617505,0.487048919567822,False,False,False,False,False
61,F4,0.0,0.0,83.19218738078894,23.1052109559777,23.92614633401996,-0.899372537053182,0.3021953405017923,-0.6249148979425878,False,False,False,False,False
62,F3,0.0,0.0,416.8459601739529,23.28831921873805,321.6449225604639,0.6722763736263736,-0.4238817181548895,1.9299062284419066,False,False,False,False,False
62,Fz,0.0,0.0,169.985503929198,21.646448462653737,27.58831158922709,0.4747342911877383,1.4517234042556268,0.5518268307322902,False,False,False,False,False
62,F4,0.0,0.0,301.9760433356223,23.59349965667209,213.7788967727168,-0.05621813426329513,0.5600686977300879,0.7399918272749446,False,False,False,False,False
63,F3,0.0,0.0,871.6258487830929,23.410391393911627,303.45616845960177,2.8813750549450554,-0.3782109606432498,1.7714349561446756,False,False,False,False,False
63,Fz,0.0,0.0,129.9458304722666,19.5071335927368,2.1515220874341594,-0.2033837164750979,0.3927659574469545,-0.7979828931572581,False,False,False,False,False
63,F4,0.0,0.0,1118.791485465782,22.537575341420627,399.5269703212025,3.0916445510026165,0.0024175627239809714,2.075388834675125,False,False,False,False,False
64,F3,0.0,0.0,912.8252079041733,76.5453574425877,765.9876401922636,3.081501428571429,19.50112801523457,5.801284961072245,False,False,True,True,True
64,Fz,0.0,0.0,161.19630731670077,36.24170290684359,41.245136186770424,0.3258791187739435,8.676351063830731,1.2765297118847492,False,False,True,False,True
64,F4,0.0,0.0,1034.6532387273976,41.379415579461465,823.0411230640116,2.76739058413252,9.953105734768751,5.120155444417337,False,False,True,True,True
65,F3,0.0,0.0,185.21400778210113,24.66468299382011,66.62088960097657,-0.4528785714285722,0.09105607278883704,-0.2920152261752246,False,False,False,False,False
65,Fz,0.0,0.0,175.17357137407498,19.903868162050735,23.041123064011572,0.5626001915708838,0.5891489361702945,0.31052911164465735,False,False,False,False,False
65,F4,0.0,0.0,191.98901350423432,23.605706874189437,67.68902113374537,-0.4800887532693987,0.5665155316607883,-0.31029084329511225,False,False,False,False,False
66,F3,0.0,0.0,466.9871061264972,26.524757763027374,92.34760051880664,0.915837582417582,0.7869642403723976,-0.06786877894944414,False,False,False,False,False
66,Fz,0.0,0.0,136.9344625009536,19.50865949492636,1.0070954451819034,-0.08502318007662966,0.3935212765958362,-0.8587121848739456,False,False,False,False,False
66,F4,0.0,0.0,573.311970702678,22.418554970626445,153.09376668955525,0.9894626852659111,-0.0604390681003761,0.30370875010165127,False,False,False,False,False
67,F3,0.0,0.0,397.22285801480143,26.752117189288168,302.93736171511404,0.5769569230769236,0.8720260262378284,1.7669148024046535,False,False,False,False,False
67,Fz,0.0,0.0,147.2800793469138,22.23849851224528,41.901274128328396,0.09019176245210667,1.7447872340427542,1.3113478391356508,False,False,False,False,False
67,F4,0.0,0.0,352.452887769894,25.42915999084444,293.62935835812914,0.13831072362685282,1.529511350059882,1.3140600552980397,False,False,False,False,False
68,F3,0.0,0.0,224.18554970626394,28.02777141985198,20.26398107881289,-0.2635738461538461,1.3492854422344345,-0.6959042574159855,False,False,False,False,False
68,Fz,0.0,0.0,214.35873960479125,21.14442664225213,53.80331120775156,1.2262461685823771,1.2032234042554553,1.9429324729891864,False,False,False,False,False
68,F4,0.0,0.0,225.58937972075978,24.574654764629475,36.484321355001214,-0.35059886660854456,1.07823297491048,-0.5346305196389357,False,False,False,False,False
69,F3,0.0,0.0,174.6852826733807,27.762264438849222,23.880369268329844,-0.5040219780219783,1.2499515446465335,-0.6643961269340705,False,False,False,False,False
69,Fz,0.0,0.0,123.50652323186091,20.708018616006736,5.065995269703137,-0.31244080459770024,0.9872021276597482,-0.6433256302520988,False,False,False,False,False
69,F4,0.0,0.0,173.03730830853726,25.29945830472252,18.69230182345308,-0.5531252833478646,1.461013739546131,-0.6625425306985446,False,False,False,False,False
70,F3,0.0,0.0,276.646066987106,27.846189059281294,166.1554894331273,-0.008746263736264812,1.2813501904358742,0.5751895634177592,False,False,False,False,False
70,Fz,0.0,0.0,111.39085984588382,19.33165484092456,1.8768596932936248,-0.5176335249042162,0.30590425531917165,-0.8125579231692628,False,False,False,False,False
70,F4,0.0,0.0,168.00183108262775,25.03547722590973,32.77637903410391,-0.5725311246730597,1.321600955794644,-0.5612879970724567,False,False,False,False,False
71,F3,0.0,0.0,211.79522392614638,32.497138933394446,103.68505378805224,-0.3237600000000003,3.0214060516292838,0.03090987483985469,False,False,False,False,False
71,Fz,0.0,0.0,182.52841992828246,24.66620889600979,102.99839780270099,0.6871630268199229,2.9465000000003827,4.553482292917153,False,False,False,True,True
71,F4,0.0,0.0,265.53749904631115,26.50339513237212,125.44441901274149,-0.19664585876198773,2.0968327359621437,0.10492953565910543,False,False,False,False,False
72,F3,0.0,0.0,159.82299534599827,26.56900892652781,83.68047608148322,-0.5762157142857152,0.8035198899703728,-0.14338193554745224,False,False,False,False,False
72,Fz,0.0,0.0,161.4709697108417,19.731441214617977,35.8739604791333,0.33053084291188123,0.5037978723404546,0.9915069027611023,False,False,False,False,False
72,F4,0.0,0.0,214.57236591134506,24.040588998245383,129.7779812314031,-0.3930564952048824,0.7961839904422415,0.13608477677482336,False,False,False,False,False
73,F3,0.0,0.0,399.4201571679255,31.857785915922708,257.7401388570992,0.587630329670329,2.7822054591620247,1.3731296442298229,False,False,False,False,False
73,Fz,0.0,0.0,232.05920500495915,20.02594033722432,110.58213168535895,1.5260239463601564,0.6495744680852014,4.955915066026385,False,False,False,True,True
73,F4,0.0,0.0,523.1403067063401,22.360570687418964,384.8783093003738,0.7961099389712291,-0.09106152927124828,1.970075343579735,False,False,False,False,False
74,F3,0.0,0.0,504.55481803616397,24.438849469748988,144.68604562447547,1.098323186813187,0.006565171392301817,0.3881349659998033,False,False,False,False,False
74,Fz,0.0,0.0,151.18638895246795,17.824063477531027,7.003891050583661,0.15634961685823492,-0.44035106382980793,-0.5404906962785058,False,False,False,False,False
74,F4,0.0,0.0,727.9163805600061,21.34279392690909,312.4284733348592,1.5852808195292067,-0.6285663082439796,1.449212368870456,False,False,False,False,False
75,F3,0.0,0.0,501.77767605096517,25.157549401083322,48.264286259250866,1.0848331868131869,0.27545175624204116,-0.45194890115305,False,False,False,False,False
75,Fz,0.0,0.0,270.54245822842756,18.966964217593507,142.30563820859078,2.177782183908051,0.1253829787234031,6.639331032412929,False,False,False,True,True
75,F4,0.0,0.0,676.1577782864119,21.7074845502404,187.4265659571222,1.3858122929380998,-0.4359671445639958,0.5505372448564695,False,False,False,False,False
76,F3,0.0,0.0,277.409018081941,24.20386053253994,194.2778667887389,-0.00504021978022004,-0.08135103681757032,0.8202084852665826,False,False,False,False,False
76,Fz,0.0,0.0,123.65911345082793,19.439993896391123,16.449225604638684,-0.30985651340995984,0.35953191489365405,-0.03927160864345779,False,False,False,False,False
76,F4,0.0,0.0,300.29755092698554,23.553826199740662,195.0408178835736,-0.06268674803836115,0.5391164874552842,0.6052783199154261,False,False,False,False,False
77,F3,0.6956521739130435,1.58203125,821.8204013122759,20.23041123063996,724.6509498741132,2.6394445054945055,-1.5679341938214502,5.441135064551107,True,False,False,True,True
77,Fz,0.0,0.0,241.367208361944,23.132677195391807,122.88090333409633,1.6836657088122642,2.1874042553194553,5.608552521008377,False,False,False,True,True
77,F4,0.4492753623188406,1.10546875,829.9992370489051,23.04570077058061,739.5437552452888,1.9786901482127288,0.27076702508961376,4.519868545173621,True,False,False,True,True
78,F3,0.0,0.0,1336.4766918440528,46.95506218051427,773.8307774471656,5.1393935164835165,8.430536394413805,5.869619049965514,False,True,True,True,True
78,Fz,0.0,0.0,300.8773937590603,26.50186923018224,202.7924010070954,2.6915392720306612,3.855148936170629,9.849076530612193,False,False,True,True,True
78,F4,0.15607580824972128,0.52734375,1339.4064240482185,31.445792324711988,816.2203402761884,3.9418556233653006,4.7069946236566835,5.071118850126048,True,True,True,True,True
79,F3,0.0,0.0,201.14442664225214,26.768902113374487,118.24216067750058,-0.3754963736263746,0.8783057553956611,0.15774007095693332,False,False,False,False,False
79,Fz,0.0,0.0,139.74212252994573,20.33722438391702,42.75577935454339,-0.037472222222223614,0.8036595744682434,1.3566923769507764,False,False,False,False,False
79,F4,0.0,0.0,182.65049210345614,24.780651560235015,80.68970778973062,-0.5160777680906714,1.1870232974912167,-0.21682511994795517,False,False,False,False,False
80,F3,0.0,0.0,239.90234225986126,25.004959182116494,156.51178759441524,-0.18722934065934058,0.21836330935254533,0.49116788213265095,False,False,False,False,False
80,Fz,0.0,0.0,193.91165026321812,19.58648050659938,27.847714961470956,0.8799511494252894,0.4320425531915198,0.5655921368547406,False,False,False,False,False
80,F4,0.0,0.0,243.5034714274817,24.448004882887002,110.21591515983823,-0.28156111595466354,1.0113470728794616,-0.004552614458811178,False,False,False,False,False
81,F3,0.0,0.0,434.1496910048065,31.659418631265673,271.6411078049899,0.75632945054945,2.7079904782056214,1.4942431753227587,False,False,False,False,False
81,Fz,0.0,0.0,180.84992751964614,19.1348134584572,17.868314641031475,0.6587358237547937,0.2084680851064062,0.03603271308523453,False,False,False,False,False
81,F4,0.0,0.0,154.3297474631877,25.096513313496622,9.094377050431149,-0.6252209241499561,1.3538351254482304,-0.7315448076766685,False,False,False,False,False
82,F3,0.0,0.0,125.70382238498507,26.698710612649723,46.692607003891,-0.7419500000000009,0.8520450698264844,-0.46564230807135215,False,False,False,False,False
82,Fz,0.0,0.0,118.59311818112462,20.343327992675693,21.48470283054877,-0.3956549808429118,0.8066808510639849,0.22793727490997628,False,False,False,False,False
82,F4,0.0,0.0,126.98558022430768,23.076218814374144,7.492179751277888,-0.7306005231037488,0.2868841099164538,-0.7430634707652277,False,False,False,False,False
83,F3,0.0,0.0,414.83176928358887,24.031433585106935,4.486152437628732,0.6624924175824171,-0.14586098180288395,-0.8333701093919397,False,False,False,False,False
83,Fz,0.0,0.0,169.19203479057,18.393224994277897,6.988632028686936,0.46129597701149694,-0.15861702127653998,-0.5413004201680631,False,False,False,False,False
83,F4,0.0,0.0,306.4927138170443,21.03913939116511,12.573434042877807,-0.03881168265039241,-0.788931302270143,-0.7065328535415144,False,False,False,False,False
84,F3,0.0,0.0,532.0515754940106,28.772411688410557,422.7512016479744,1.23188901098901,1.6278770630553434,2.8108044249531923,False,False,False,False,False
84,Fz,0.0,0.0,159.30418860151053,18.80674448767827,23.1021591515983,0.2938339080459761,0.046074468085133984,0.31376800720287756,False,False,False,False,False
84,F4,0.0,0.0,1040.054932478828,23.210498207065047,730.7545586327916,2.7882077593722756,0.3577992831542065,4.4566804505163855,False,False,False,True,True
85,F3,0.0,0.0,742.0157167925538,26.129549095902853,353.0479896238653,2.251792307692309,0.6391051629284408,2.203508475411456,False,False,False,False,False
85,Fz,0.0,0.0,142.702372777905,19.536125734340466,53.48287174792114,0.012663026819924797,0.407117021276715,1.925928271308525,False,False,False,False,False
85,F4,0.0,0.0,365.2094300755323,21.953154802777114,107.85076676585027,0.18747218831735005,-0.3062246117085905,-0.02155635520858769,False,False,False,False,False
86,F3,0.0,0.0,208.46875715266663,26.865033951323724,72.67872129396505,-0.33991835164835166,0.914271476936094,-0.23923578397555958,False,False,False,False,False
86,Fz,0.0,0.0,144.22827496757463,19.873350118257406,16.51026169222547,0.0385059386973194,0.5740425531916012,-0.03603271308523453,False,False,False,False,False
86,F4,0.0,0.0,941.7868314641031,23.61943999389624,878.9349202716105,2.409499825632083,0.5737682198327143,5.521992233878182,False,False,False,True,True
87,F3,0.0,0.0,163.08842603189134,22.302586404211507,7.232776379034021,-0.5603538461538468,-0.792673085061343,-0.8094398837094725,False,False,False,False,False
87,Fz,0.0,0.0,167.94079499504073,17.73098344396115,12.039368276493462,0.4401047892720305,-0.48642553191493315,-0.27328181272508684,False,False,False,False,False
87,F4,0.0,0.0,220.8896009765774,21.219195849546022,49.1950865949492,-0.36871098517872714,-0.6938405017922858,-0.44324912580304177,False,False,False,False,False
88,F3,0.18729096989966554,0.6171875,1012.1309224078736,25.172808422979983,114.19851987487596,3.56388010989011,0.2811606009309825,0.12250946092441074,True,True,False,False,True
88,Fz,0.0,0.0,175.29564354924833,21.82345311665509,51.316090638590026,0.5646676245210716,1.5393404255320717,1.8109474789915871,False,False,False,False,False
88,F4,0.01560758082497213,0.04296875,1075.8831158922712,24.54261081864655,56.504158083466734,2.926283260680034,1.06131003584245,-0.39070208180857197,False,False,False,False,False
89,F3,0.0,0.0,226.19974059662775,26.948958571755536,121.26344701304652,-0.25378989010989067,0.9456701227253378,0.18406331920764826,False,False,False,False,False
89,Fz,0.0,0.0,149.87411306935223,22.2964827954526,16.388189517051842,0.13412471264367845,1.7734893617022698,-0.04251050420168406,False,False,False,False,False
89,F4,0.0,0.0,168.09338521400764,24.147402151522048,78.24826428625909,-0.5721782911944209,0.8525937873358082,-0.23437736846385407,False,False,False,False,False
90,F3,0.0,0.0,132.2041657129779,25.552758068207737,3.9978637369344483,-0.7103745054945056,0.4233108336859582,-0.8376243717354894,False,False,False,False,False
90,Fz,0.0,0.0,142.03097581445036,21.39925230792725,6.256198977645511,0.001292145593871174,1.3293617021279514,-0.5801671668667423,False,False,False,False,False
90,F4,0.0,0.0,151.9798580910964,23.352407110704167,2.517738612954929,-0.6342769834350479,0.43274372759858093,-0.7788261771163697,False,False,False,False,False
91,F3,0.0,0.0,1115.0682841229877,25.95559624628084,1060.1358052948808,4.063899560439561,0.5740243334744801,8.364079185966308,False,True,False,True,True
91,Fz,0.0,0.0,280.9796292057679,19.97253376058608,154.3144884412908,2.35454770114943,0.6231382978725312,7.276583733493354,False,False,False,True,True
91,F4,0.0,0.0,935.1949340047303,23.65453574425898,874.0978103303578,2.3840958151700082,0.5923028673836723,5.487216841506059,False,False,False,True,True
92,F3,0.0,0.0,295.59777218280306,23.83306630045017,170.56534676127262,0.08331186813186758,-0.2200759627591865,0.6136108702079441,False,False,False,False,False
92,Fz,0.0,0.0,83.98565651941715,18.313878080415186,29.571984435797788,-0.9817722222222232,-0.19789361702117036,0.6570909363745552,False,False,False,False,False
92,F4,0.0,0.0,394.6288242923629,22.206454566262266,252.35370412756538,0.3008493461203139,-0.1724528076464451,1.0173173538261362,False,False,False,False,False
93,F3,0.0,0.0,180.7583733882658,24.403753719386565,46.00595101853963,-0.4745218681318688,-0.006565171392301817,-0.4716248644919693,False,False,False,False,False
93,Fz,0.0,0.0,181.03303578240627,20.633249408712718,4.150453955901412,0.6618369731800772,0.95019148936177,-0.6919090636254448,False,False,False,False,False
93,F4,0.0,0.0,204.07415884641784,23.53856717784398,83.54314488441281,-0.4335147340889281,0.5310579450419092,-0.19631092949499943,False,False,False,False,False
94,F3,0.0,0.0,165.46883344777598,27.751583123521847,87.58678568703743,-0.5487909890109898,1.2459553533643821,-0.10934783679905426,False,False,False,False,False
94,Fz,0.0,0.0,124.54413672083604,21.277180132753568,27.344167238879834,-0.29486762452107573,1.2689361702129969,0.5388712484993912,False,False,False,False,False
94,F4,0.0,0.0,144.93018997482272,26.408789196612673,47.19615472648212,-0.6614451612903222,2.04686977299921,-0.4576200292754323,False,False,False,False,False
95,F3,0.0,0.0,279.4842450598918,27.772945754176952,38.6358434424352,0.00504021978022004,1.2539477359288176,-0.5358376367399249,False,False,False,False,False
95,Fz,0.0,0.0,141.87838559548322,22.4643320363165,10.620279240100672,-0.001292145593871174,1.856574468085375,-0.3485861344537792,False,False,False,False,False
95,F4,0.0,0.0,138.15518425268942,24.38391699092088,25.940337224384052,-0.6875548387096774,0.9775011947432573,-0.6104342929169706,False,False,False,False,False
96,F3,0.0,0.0,125.03242542153055,25.17891203173873,41.13832303349352,-0.7452113186813191,0.2834441388065896,-0.5140345422292312,False,False,False,False,False
96,Fz,0.0,0.0,133.6385137712673,21.940947585259813,13.076981765468929,-0.14084386973180008,1.5975000000002417,-0.2182205882352854,False,False,False,False,False
96,F4,0.0,0.0,156.4660105287253,25.552758068207684,2.2583352407110624,-0.6169881429816907,1.594785543608282,-0.7806911035211841,False,False,False,False,False
97,F3,0.0,0.0,605.4169527733271,25.860990310520936,78.84336614023044,1.5882621978021974,0.5386294964028165,-0.18552572188824276,False,False,False,False,False
97,Fz,0.0,0.0,201.72426947432677,19.32707713435566,26.291294728007927,1.0122668582375518,0.3036382978724174,0.48300030012004747,False,False,False,False,False
97,F4,0.0,0.0,613.9620050354772,23.355458915083407,115.54131380178535,1.14612074978204,0.4343554360812049,0.03373322761649222,False,False,False,False,False
98,F3,0.06131549609810479,0.21484375,1426.535439078355,24.995803768978618,1404.2572671091784,5.576854945054945,0.2149380025392257,11.362270572583043,True,True,False,True,True
98,Fz,0.0,0.0,552.1324483100634,21.53963530937673,373.4798199435415,6.946833141762469,1.3988510638300244,18.906647959183566,False,True,False,True,True
98,F4,0.0,0.0,1004.7150377660789,24.019226367589805,811.0170138094147,2.6520140366172615,0.784902031063399,5.033710620476539,False,False,False,True,True
99,F3,0.0,0.0,225.77248798352025,24.243533989471292,44.007019150072495,-0.25586527472527526,-0.06650804062631085,-0.4890407509608756,False,False,False,False,False
99,Fz,0.0,0.0,215.70153353170065,20.52033264667748,46.982528419928315,1.2489879310344862,0.8942978723406442,1.5809858943577386,False,False,False,False,False
99,F4,0.0,0.0,229.3125810635538,22.5345235370413,54.47470817120626,-0.3362503051438536,0.0008058542413101042,-0.4052923883874113,False,False,False,False,False
100,F3,0.0,0.0,272.3735408560311,25.874723430228176,121.21766994735646,-0.029500109890110343,0.5437674566229556,0.1836644821129407,False,False,False,False,False
100,Fz,0.0,0.0,143.86205844205392,20.46082246128026,30.350194552529388,0.03230363984674469,0.8648404255320777,0.6983868547419064,False,False,False,False,False
100,F4,0.0,0.0,156.9237811856259,23.103685053788137,16.93751430533291,-0.6152239755884922,0.3013894862605104,-0.675158209319347,False,False,False,False,False
