record,train_block,mapping,alpha,sensor,source,weight
VisualCogA_Task-1,first,legacy_fixed_G_train_scalar,,F3,early_visual_field_left,-10.774237056500015
VisualCogA_Task-1,first,legacy_fixed_G_train_scalar,,F3,early_visual_field_right,-12.56294655745721
VisualCogA_Task-1,first,legacy_fixed_G_train_scalar,,F3,config_energy_visual_field_left,9.128502597547167
VisualCogA_Task-1,first,legacy_fixed_G_train_scalar,,F3,config_energy_visual_field_right,-6.11409206697894
VisualCogA_Task-1,first,legacy_fixed_G_train_scalar,,F3,triangle_left_preference,73.57005591932068
VisualCogA_Task-1,first,legacy_fixed_G_train_scalar,,F3,triangle_right_preference,18.841342763377444
VisualCogA_Task-1,first,legacy_fixed_G_train_scalar,,Fz,early_visual_field_left,-13.172604872069078
VisualCogA_Task-1,first,legacy_fixed_G_train_scalar,,Fz,early_visual_field_right,-13.172604872069078
VisualCogA_Task-1,first,legacy_fixed_G_train_scalar,,Fz,config_energy_visual_field_left,-1.7800042877277982
VisualCogA_Task-1,first,legacy_fixed_G_train_scalar,,Fz,config_energy_visual_field_right,-1.7800042877277982
VisualCogA_Task-1,first,legacy_fixed_G_train_scalar,,Fz,triangle_left_preference,35.453666254566514
VisualCogA_Task-1,first,legacy_fixed_G_train_scalar,,Fz,triangle_right_preference,35.453666254566514
VisualCogA_Task-1,first,legacy_fixed_G_train_scalar,,F4,early_visual_field_left,-12.56294655745721
VisualCogA_Task-1,first,legacy_fixed_G_train_scalar,,F4,early_visual_field_right,-10.774237056500015
VisualCogA_Task-1,first,legacy_fixed_G_train_scalar,,F4,config_energy_visual_field_left,-6.11409206697894
VisualCogA_Task-1,first,legacy_fixed_G_train_scalar,,F4,config_energy_visual_field_right,9.128502597547167
VisualCogA_Task-1,first,legacy_fixed_G_train_scalar,,F4,triangle_left_preference,18.841342763377444
VisualCogA_Task-1,first,legacy_fixed_G_train_scalar,,F4,triangle_right_preference,73.57005591932068
VisualCogA_Task-1,first,effective_ridge_alpha_0.1,0.1,F3,early_visual_field_left,-27.96658398581034
VisualCogA_Task-1,first,effective_ridge_alpha_0.1,0.1,F3,early_visual_field_right,4.2135070558092105
VisualCogA_Task-1,first,effective_ridge_alpha_0.1,0.1,F3,config_energy_visual_field_left,31.947465961974146
VisualCogA_Task-1,first,effective_ridge_alpha_0.1,0.1,F3,config_energy_visual_field_right,244.1729378068995
VisualCogA_Task-1,first,effective_ridge_alpha_0.1,0.1,F3,triangle_left_preference,120.34556257766758
VisualCogA_Task-1,first,effective_ridge_alpha_0.1,0.1,F3,triangle_right_preference,14.237054555406676
VisualCogA_Task-1,first,effective_ridge_alpha_0.1,0.1,Fz,early_visual_field_left,-6.05411093993093
VisualCogA_Task-1,first,effective_ridge_alpha_0.1,0.1,Fz,early_visual_field_right,-22.603132038270957
VisualCogA_Task-1,first,effective_ridge_alpha_0.1,0.1,Fz,config_energy_visual_field_left,-82.21265912416696
VisualCogA_Task-1,first,effective_ridge_alpha_0.1,0.1,Fz,config_energy_visual_field_right,-150.28967870326642
VisualCogA_Task-1,first,effective_ridge_alpha_0.1,0.1,Fz,triangle_left_preference,-7.321420748899394
VisualCogA_Task-1,first,effective_ridge_alpha_0.1,0.1,Fz,triangle_right_preference,30.273544121020116
VisualCogA_Task-1,first,effective_ridge_alpha_0.1,0.1,F4,early_visual_field_left,-100.82433607045316
VisualCogA_Task-1,first,effective_ridge_alpha_0.1,0.1,F4,early_visual_field_right,61.36490930016904
VisualCogA_Task-1,first,effective_ridge_alpha_0.1,0.1,F4,config_energy_visual_field_left,-230.01956074979148
VisualCogA_Task-1,first,effective_ridge_alpha_0.1,0.1,F4,config_energy_visual_field_right,348.9886968172844
VisualCogA_Task-1,first,effective_ridge_alpha_0.1,0.1,F4,triangle_left_preference,149.74008862216107
VisualCogA_Task-1,first,effective_ridge_alpha_0.1,0.1,F4,triangle_right_preference,-49.990788878002625
VisualCogA_Task-1,first,effective_ridge_alpha_1,1.0,F3,early_visual_field_left,18.52665786820818
VisualCogA_Task-1,first,effective_ridge_alpha_1,1.0,F3,early_visual_field_right,32.54696336735988
VisualCogA_Task-1,first,effective_ridge_alpha_1,1.0,F3,config_energy_visual_field_left,70.78713646384698
VisualCogA_Task-1,first,effective_ridge_alpha_1,1.0,F3,config_energy_visual_field_right,96.53319295021045
VisualCogA_Task-1,first,effective_ridge_alpha_1,1.0,F3,triangle_left_preference,98.3157900025153
VisualCogA_Task-1,first,effective_ridge_alpha_1,1.0,F3,triangle_right_preference,20.25799491967129
VisualCogA_Task-1,first,effective_ridge_alpha_1,1.0,Fz,early_visual_field_left,-44.54486483297032
VisualCogA_Task-1,first,effective_ridge_alpha_1,1.0,Fz,early_visual_field_right,-54.529793127971914
VisualCogA_Task-1,first,effective_ridge_alpha_1,1.0,Fz,config_energy_visual_field_left,-70.45204957639069
VisualCogA_Task-1,first,effective_ridge_alpha_1,1.0,Fz,config_energy_visual_field_right,-89.2691367108864
VisualCogA_Task-1,first,effective_ridge_alpha_1,1.0,Fz,triangle_left_preference,14.393535875717728
VisualCogA_Task-1,first,effective_ridge_alpha_1,1.0,Fz,triangle_right_preference,30.3626229647262
VisualCogA_Task-1,first,effective_ridge_alpha_1,1.0,F4,early_visual_field_left,-40.80248950643145
VisualCogA_Task-1,first,effective_ridge_alpha_1,1.0,F4,early_visual_field_right,34.671640983685236
VisualCogA_Task-1,first,effective_ridge_alpha_1,1.0,F4,config_energy_visual_field_left,-51.58205737491277
VisualCogA_Task-1,first,effective_ridge_alpha_1,1.0,F4,config_energy_visual_field_right,103.3870222276054
VisualCogA_Task-1,first,effective_ridge_alpha_1,1.0,F4,triangle_left_preference,77.16329298463602
VisualCogA_Task-1,first,effective_ridge_alpha_1,1.0,F4,triangle_right_preference,21.967720208821355
VisualCogA_Task-1,first,effective_ridge_alpha_10,10.0,F3,early_visual_field_left,6.24078680267995
VisualCogA_Task-1,first,effective_ridge_alpha_10,10.0,F3,early_visual_field_right,6.802693074872671
VisualCogA_Task-1,first,effective_ridge_alpha_10,10.0,F3,config_energy_visual_field_left,38.10321745480962
VisualCogA_Task-1,first,effective_ridge_alpha_10,10.0,F3,config_energy_visual_field_right,28.065855562919396
VisualCogA_Task-1,first,effective_ridge_alpha_10,10.0,F3,triangle_left_preference,80.30583186085838
VisualCogA_Task-1,first,effective_ridge_alpha_10,10.0,F3,triangle_right_preference,22.11629563537527
VisualCogA_Task-1,first,effective_ridge_alpha_10,10.0,Fz,early_visual_field_left,-30.134050680759877
VisualCogA_Task-1,first,effective_ridge_alpha_10,10.0,Fz,early_visual_field_right,-31.648900949596854
VisualCogA_Task-1,first,effective_ridge_alpha_10,10.0,Fz,config_energy_visual_field_left,-31.01288612694712
VisualCogA_Task-1,first,effective_ridge_alpha_10,10.0,Fz,config_energy_visual_field_right,-33.634382789367606
VisualCogA_Task-1,first,effective_ridge_alpha_10,10.0,Fz,triangle_left_preference,29.37118597505148
VisualCogA_Task-1,first,effective_ridge_alpha_10,10.0,Fz,triangle_right_preference,31.724761698116556
VisualCogA_Task-1,first,effective_ridge_alpha_10,10.0,F4,early_visual_field_left,-13.337059060745522
VisualCogA_Task-1,first,effective_ridge_alpha_10,10.0,F4,early_visual_field_right,-0.6067088761008698
VisualCogA_Task-1,first,effective_ridge_alpha_10,10.0,F4,config_energy_visual_field_left,-7.00672019061802
VisualCogA_Task-1,first,effective_ridge_alpha_10,10.0,F4,config_energy_visual_field_right,27.33047642086654
VisualCogA_Task-1,first,effective_ridge_alpha_10,10.0,F4,triangle_left_preference,28.275338900905087
VisualCogA_Task-1,first,effective_ridge_alpha_10,10.0,F4,triangle_right_preference,66.77580764122209
VisualCogA_Task-1,second,legacy_fixed_G_train_scalar,,F3,early_visual_field_left,-9.029473814348425
VisualCogA_Task-1,second,legacy_fixed_G_train_scalar,,F3,early_visual_field_right,-10.52852247233441
VisualCogA_Task-1,second,legacy_fixed_G_train_scalar,,F3,config_energy_visual_field_left,7.650247041764967
VisualCogA_Task-1,second,legacy_fixed_G_train_scalar,,F3,config_energy_visual_field_right,-5.123985478303152
VisualCogA_Task-1,second,legacy_fixed_G_train_scalar,,F3,triangle_left_preference,61.65623514315466
VisualCogA_Task-1,second,legacy_fixed_G_train_scalar,,F3,triangle_right_preference,15.790204932092454
VisualCogA_Task-1,second,legacy_fixed_G_train_scalar,,Fz,early_visual_field_left,-11.03945366482814
VisualCogA_Task-1,second,legacy_fixed_G_train_scalar,,Fz,early_visual_field_right,-11.03945366482814
VisualCogA_Task-1,second,legacy_fixed_G_train_scalar,,Fz,config_energy_visual_field_left,-1.4917531534884556
VisualCogA_Task-1,second,legacy_fixed_G_train_scalar,,Fz,config_energy_visual_field_right,-1.4917531534884556
VisualCogA_Task-1,second,legacy_fixed_G_train_scalar,,Fz,triangle_left_preference,29.712354516566535
VisualCogA_Task-1,second,legacy_fixed_G_train_scalar,,Fz,triangle_right_preference,29.712354516566535
VisualCogA_Task-1,second,legacy_fixed_G_train_scalar,,F4,early_visual_field_left,-10.52852247233441
VisualCogA_Task-1,second,legacy_fixed_G_train_scalar,,F4,early_visual_field_right,-9.029473814348425
VisualCogA_Task-1,second,legacy_fixed_G_train_scalar,,F4,config_energy_visual_field_left,-5.123985478303152
VisualCogA_Task-1,second,legacy_fixed_G_train_scalar,,F4,config_energy_visual_field_right,7.650247041764967
VisualCogA_Task-1,second,legacy_fixed_G_train_scalar,,F4,triangle_left_preference,15.790204932092454
VisualCogA_Task-1,second,legacy_fixed_G_train_scalar,,F4,triangle_right_preference,61.65623514315466
VisualCogA_Task-1,second,effective_ridge_alpha_0.1,0.1,F3,early_visual_field_left,-31.141506030745862
VisualCogA_Task-1,second,effective_ridge_alpha_0.1,0.1,F3,early_visual_field_right,-10.810110035929794
VisualCogA_Task-1,second,effective_ridge_alpha_0.1,0.1,F3,config_energy_visual_field_left,17.700963547705683
VisualCogA_Task-1,second,effective_ridge_alpha_0.1,0.1,F3,config_energy_visual_field_right,228.12538740839153
VisualCogA_Task-1,second,effective_ridge_alpha_0.1,0.1,F3,triangle_left_preference,101.41233815710662
VisualCogA_Task-1,second,effective_ridge_alpha_0.1,0.1,F3,triangle_right_preference,9.429327921859455
VisualCogA_Task-1,second,effective_ridge_alpha_0.1,0.1,Fz,early_visual_field_left,38.08947927768181
VisualCogA_Task-1,second,effective_ridge_alpha_0.1,0.1,Fz,early_visual_field_right,25.3685233302603
VisualCogA_Task-1,second,effective_ridge_alpha_0.1,0.1,Fz,config_energy_visual_field_left,-144.82877599933244
VisualCogA_Task-1,second,effective_ridge_alpha_0.1,0.1,Fz,config_energy_visual_field_right,-147.11047218149642
VisualCogA_Task-1,second,effective_ridge_alpha_0.1,0.1,Fz,triangle_left_preference,-9.686069758891287
VisualCogA_Task-1,second,effective_ridge_alpha_0.1,0.1,Fz,triangle_right_preference,7.176466139207127
VisualCogA_Task-1,second,effective_ridge_alpha_0.1,0.1,F4,early_visual_field_left,-113.13413940980116
VisualCogA_Task-1,second,effective_ridge_alpha_0.1,0.1,F4,early_visual_field_right,24.763615565229475
VisualCogA_Task-1,second,effective_ridge_alpha_0.1,0.1,F4,config_energy_visual_field_left,-150.05765223927222
VisualCogA_Task-1,second,effective_ridge_alpha_0.1,0.1,F4,config_energy_visual_field_right,341.0315023287449
VisualCogA_Task-1,second,effective_ridge_alpha_0.1,0.1,F4,triangle_left_preference,140.96208533061406
VisualCogA_Task-1,second,effective_ridge_alpha_0.1,0.1,F4,triangle_right_preference,-39.858754616405825
VisualCogA_Task-1,second,effective_ridge_alpha_1,1.0,F3,early_visual_field_left,11.329150358824172
VisualCogA_Task-1,second,effective_ridge_alpha_1,1.0,F3,early_visual_field_right,23.17613155899753
VisualCogA_Task-1,second,effective_ridge_alpha_1,1.0,F3,config_energy_visual_field_left,54.13967454745364
VisualCogA_Task-1,second,effective_ridge_alpha_1,1.0,F3,config_energy_visual_field_right,80.14607503252142
VisualCogA_Task-1,second,effective_ridge_alpha_1,1.0,F3,triangle_left_preference,82.4431081661245
VisualCogA_Task-1,second,effective_ridge_alpha_1,1.0,F3,triangle_right_preference,15.601913576623328
VisualCogA_Task-1,second,effective_ridge_alpha_1,1.0,Fz,early_visual_field_left,-36.60455741452482
VisualCogA_Task-1,second,effective_ridge_alpha_1,1.0,Fz,early_visual_field_right,-41.48921082607343
VisualCogA_Task-1,second,effective_ridge_alpha_1,1.0,Fz,config_energy_visual_field_left,-80.52102538489545
VisualCogA_Task-1,second,effective_ridge_alpha_1,1.0,Fz,config_energy_visual_field_right,-85.87972214754012
VisualCogA_Task-1,second,effective_ridge_alpha_1,1.0,Fz,triangle_left_preference,12.236172389820426
VisualCogA_Task-1,second,effective_ridge_alpha_1,1.0,Fz,triangle_right_preference,19.215324091497454
VisualCogA_Task-1,second,effective_ridge_alpha_1,1.0,F4,early_visual_field_left,-33.48966646860169
VisualCogA_Task-1,second,effective_ridge_alpha_1,1.0,F4,early_visual_field_right,32.76637567279003
VisualCogA_Task-1,second,effective_ridge_alpha_1,1.0,F4,config_energy_visual_field_left,-26.822031591659577
VisualCogA_Task-1,second,effective_ridge_alpha_1,1.0,F4,config_energy_visual_field_right,107.63627233964168
VisualCogA_Task-1,second,effective_ridge_alpha_1,1.0,F4,triangle_left_preference,70.60692188135123
VisualCogA_Task-1,second,effective_ridge_alpha_1,1.0,F4,triangle_right_preference,18.89125863074839
VisualCogA_Task-1,second,effective_ridge_alpha_10,10.0,F3,early_visual_field_left,3.8711739297405092
VisualCogA_Task-1,second,effective_ridge_alpha_10,10.0,F3,early_visual_field_right,4.39914114935435
VisualCogA_Task-1,second,effective_ridge_alpha_10,10.0,F3,config_energy_visual_field_left,29.93345281731461
VisualCogA_Task-1,second,effective_ridge_alpha_10,10.0,F3,config_energy_visual_field_right,22.033107298073936
VisualCogA_Task-1,second,effective_ridge_alpha_10,10.0,F3,triangle_left_preference,67.11231760479203
VisualCogA_Task-1,second,effective_ridge_alpha_10,10.0,F3,triangle_right_preference,18.134100585253755
VisualCogA_Task-1,second,effective_ridge_alpha_10,10.0,Fz,early_visual_field_left,-27.139471029572196
VisualCogA_Task-1,second,effective_ridge_alpha_10,10.0,Fz,early_visual_field_right,-27.851713495401
VisualCogA_Task-1,second,effective_ridge_alpha_10,10.0,Fz,config_energy_visual_field_left,-31.411816204277994
VisualCogA_Task-1,second,effective_ridge_alpha_10,10.0,Fz,config_energy_visual_field_right,-32.26747266408463
VisualCogA_Task-1,second,effective_ridge_alpha_10,10.0,Fz,triangle_left_preference,24.288949459008183
VisualCogA_Task-1,second,effective_ridge_alpha_10,10.0,Fz,triangle_right_preference,25.314767575333548
VisualCogA_Task-1,second,effective_ridge_alpha_10,10.0,F4,early_visual_field_left,-8.559707902309619
VisualCogA_Task-1,second,effective_ridge_alpha_10,10.0,F4,early_visual_field_right,2.5834846713512047
VisualCogA_Task-1,second,effective_ridge_alpha_10,10.0,F4,config_energy_visual_field_left,-0.02066478990736571
VisualCogA_Task-1,second,effective_ridge_alpha_10,10.0,F4,config_energy_visual_field_right,29.46326080990079
VisualCogA_Task-1,second,effective_ridge_alpha_10,10.0,F4,triangle_left_preference,25.105264963576374
VisualCogA_Task-1,second,effective_ridge_alpha_10,10.0,F4,triangle_right_preference,56.570249023511145
VisualCogA_Task-2,first,legacy_fixed_G_train_scalar,,F3,early_visual_field_left,79.44068686917599
VisualCogA_Task-2,first,legacy_fixed_G_train_scalar,,F3,early_visual_field_right,92.6292134089494
VisualCogA_Task-2,first,legacy_fixed_G_train_scalar,,F3,config_energy_visual_field_left,-67.30634499996563
VisualCogA_Task-2,first,legacy_fixed_G_train_scalar,,F3,config_energy_visual_field_right,45.080470276933745
VisualCogA_Task-2,first,legacy_fixed_G_train_scalar,,F3,triangle_left_preference,-542.4472976217473
VisualCogA_Task-2,first,legacy_fixed_G_train_scalar,,F3,triangle_right_preference,-138.9211322167163
VisualCogA_Task-2,first,legacy_fixed_G_train_scalar,,Fz,early_visual_field_left,97.12435074575532
VisualCogA_Task-2,first,legacy_fixed_G_train_scalar,,Fz,early_visual_field_right,97.12435074575532
VisualCogA_Task-2,first,legacy_fixed_G_train_scalar,,Fz,config_energy_visual_field_left,13.124341195172262
VisualCogA_Task-2,first,legacy_fixed_G_train_scalar,,Fz,config_energy_visual_field_right,13.124341195172262
VisualCogA_Task-2,first,legacy_fixed_G_train_scalar,,Fz,triangle_left_preference,-261.4072425289863
VisualCogA_Task-2,first,legacy_fixed_G_train_scalar,,Fz,triangle_right_preference,-261.4072425289863
VisualCogA_Task-2,first,legacy_fixed_G_train_scalar,,F4,early_visual_field_left,92.6292134089494
VisualCogA_Task-2,first,legacy_fixed_G_train_scalar,,F4,early_visual_field_right,79.44068686917599
VisualCogA_Task-2,first,legacy_fixed_G_train_scalar,,F4,config_energy_visual_field_left,45.080470276933745
VisualCogA_Task-2,first,legacy_fixed_G_train_scalar,,F4,config_energy_visual_field_right,-67.30634499996563
VisualCogA_Task-2,first,legacy_fixed_G_train_scalar,,F4,triangle_left_preference,-138.9211322167163
VisualCogA_Task-2,first,legacy_fixed_G_train_scalar,,F4,triangle_right_preference,-542.4472976217473
VisualCogA_Task-2,first,effective_ridge_alpha_0.1,0.1,F3,early_visual_field_left,389.51372110302526
VisualCogA_Task-2,first,effective_ridge_alpha_0.1,0.1,F3,early_visual_field_right,629.7892467988637
VisualCogA_Task-2,first,effective_ridge_alpha_0.1,0.1,F3,config_energy_visual_field_left,-453.1430062226892
VisualCogA_Task-2,first,effective_ridge_alpha_0.1,0.1,F3,config_energy_visual_field_right,-425.2612851616243
VisualCogA_Task-2,first,effective_ridge_alpha_0.1,0.1,F3,triangle_left_preference,-477.12838238237293
VisualCogA_Task-2,first,effective_ridge_alpha_0.1,0.1,F3,triangle_right_preference,-412.9113438267231
VisualCogA_Task-2,first,effective_ridge_alpha_0.1,0.1,Fz,early_visual_field_left,422.9044928634669
VisualCogA_Task-2,first,effective_ridge_alpha_0.1,0.1,Fz,early_visual_field_right,400.3633548399113
VisualCogA_Task-2,first,effective_ridge_alpha_0.1,0.1,Fz,config_energy_visual_field_left,-5.384114951098302
VisualCogA_Task-2,first,effective_ridge_alpha_0.1,0.1,Fz,config_energy_visual_field_right,-408.9254567136179
VisualCogA_Task-2,first,effective_ridge_alpha_0.1,0.1,Fz,triangle_left_preference,-341.8345456394438
VisualCogA_Task-2,first,effective_ridge_alpha_0.1,0.1,Fz,triangle_right_preference,-292.855665550679
VisualCogA_Task-2,first,effective_ridge_alpha_0.1,0.1,F4,early_visual_field_left,589.742011282948
VisualCogA_Task-2,first,effective_ridge_alpha_0.1,0.1,F4,early_visual_field_right,430.0112165121794
VisualCogA_Task-2,first,effective_ridge_alpha_0.1,0.1,F4,config_energy_visual_field_left,-5.202190567465386
VisualCogA_Task-2,first,effective_ridge_alpha_0.1,0.1,F4,config_energy_visual_field_right,-665.4452782484849
VisualCogA_Task-2,first,effective_ridge_alpha_0.1,0.1,F4,triangle_left_preference,-352.35396835521453
VisualCogA_Task-2,first,effective_ridge_alpha_0.1,0.1,F4,triangle_right_preference,-498.03203989579833
VisualCogA_Task-2,first,effective_ridge_alpha_1,1.0,F3,early_visual_field_left,72.29710751119373
VisualCogA_Task-2,first,effective_ridge_alpha_1,1.0,F3,early_visual_field_right,174.36782616078298
VisualCogA_Task-2,first,effective_ridge_alpha_1,1.0,F3,config_energy_visual_field_left,-233.50412545987757
VisualCogA_Task-2,first,effective_ridge_alpha_1,1.0,F3,config_energy_visual_field_right,-37.42869808702887
VisualCogA_Task-2,first,effective_ridge_alpha_1,1.0,F3,triangle_left_preference,-500.3390538640818
VisualCogA_Task-2,first,effective_ridge_alpha_1,1.0,F3,triangle_right_preference,-234.57117038401373
VisualCogA_Task-2,first,effective_ridge_alpha_1,1.0,Fz,early_visual_field_left,162.25620440053953
VisualCogA_Task-2,first,effective_ridge_alpha_1,1.0,Fz,early_visual_field_right,147.4791583072076
VisualCogA_Task-2,first,effective_ridge_alpha_1,1.0,Fz,config_energy_visual_field_left,14.34457202878786
VisualCogA_Task-2,first,effective_ridge_alpha_1,1.0,Fz,config_energy_visual_field_right,-44.74616153676815
VisualCogA_Task-2,first,effective_ridge_alpha_1,1.0,Fz,triangle_left_preference,-281.4136566837877
VisualCogA_Task-2,first,effective_ridge_alpha_1,1.0,Fz,triangle_right_preference,-257.0141755280637
VisualCogA_Task-2,first,effective_ridge_alpha_1,1.0,F4,early_visual_field_left,194.5725183547333
VisualCogA_Task-2,first,effective_ridge_alpha_1,1.0,F4,early_visual_field_right,112.21089512949692
VisualCogA_Task-2,first,effective_ridge_alpha_1,1.0,F4,config_energy_visual_field_left,51.51570358595327
VisualCogA_Task-2,first,effective_ridge_alpha_1,1.0,F4,config_energy_visual_field_right,-193.4794865514208
VisualCogA_Task-2,first,effective_ridge_alpha_1,1.0,F4,triangle_left_preference,-209.38132942446111
VisualCogA_Task-2,first,effective_ridge_alpha_1,1.0,F4,triangle_right_preference,-501.7934070290313
VisualCogA_Task-2,first,effective_ridge_alpha_10,10.0,F3,early_visual_field_left,64.25408743105282
VisualCogA_Task-2,first,effective_ridge_alpha_10,10.0,F3,early_visual_field_right,90.3957396067809
VisualCogA_Task-2,first,effective_ridge_alpha_10,10.0,F3,config_energy_visual_field_left,-107.73304407016734
VisualCogA_Task-2,first,effective_ridge_alpha_10,10.0,F3,config_energy_visual_field_right,18.74226723939445
VisualCogA_Task-2,first,effective_ridge_alpha_10,10.0,F3,triangle_left_preference,-538.850043875925
VisualCogA_Task-2,first,effective_ridge_alpha_10,10.0,F3,triangle_right_preference,-155.47088921244293
VisualCogA_Task-2,first,effective_ridge_alpha_10,10.0,Fz,early_visual_field_left,106.46308011101213
VisualCogA_Task-2,first,effective_ridge_alpha_10,10.0,Fz,early_visual_field_right,104.21903189479008
VisualCogA_Task-2,first,effective_ridge_alpha_10,10.0,Fz,config_energy_visual_field_left,16.793587997627878
VisualCogA_Task-2,first,effective_ridge_alpha_10,10.0,Fz,config_energy_visual_field_right,9.792744073321119
VisualCogA_Task-2,first,effective_ridge_alpha_10,10.0,Fz,triangle_left_preference,-263.486870855425
VisualCogA_Task-2,first,effective_ridge_alpha_10,10.0,Fz,triangle_right_preference,-259.8473127052775
VisualCogA_Task-2,first,effective_ridge_alpha_10,10.0,F4,early_visual_field_left,103.71027584597908
VisualCogA_Task-2,first,effective_ridge_alpha_10,10.0,F4,early_visual_field_right,80.25959891916341
VisualCogA_Task-2,first,effective_ridge_alpha_10,10.0,F4,config_energy_visual_field_left,45.65309452538589
VisualCogA_Task-2,first,effective_ridge_alpha_10,10.0,F4,config_energy_visual_field_right,-84.72082106982717
VisualCogA_Task-2,first,effective_ridge_alpha_10,10.0,F4,triangle_left_preference,-149.05234362306993
VisualCogA_Task-2,first,effective_ridge_alpha_10,10.0,F4,triangle_right_preference,-536.2267297071745
VisualCogA_Task-2,second,legacy_fixed_G_train_scalar,,F3,early_visual_field_left,63.7319361395838
VisualCogA_Task-2,second,legacy_fixed_G_train_scalar,,F3,early_visual_field_right,74.31253865366128
VisualCogA_Task-2,second,legacy_fixed_G_train_scalar,,F3,config_energy_visual_field_left,-53.9970618379813
VisualCogA_Task-2,second,legacy_fixed_G_train_scalar,,F3,config_energy_visual_field_right,36.16617335602033
VisualCogA_Task-2,second,legacy_fixed_G_train_scalar,,F3,triangle_left_preference,-435.18274946503624
VisualCogA_Task-2,second,legacy_fixed_G_train_scalar,,F3,triangle_right_preference,-111.45060643112082
VisualCogA_Task-2,second,legacy_fixed_G_train_scalar,,Fz,early_visual_field_left,77.91879908491559
VisualCogA_Task-2,second,legacy_fixed_G_train_scalar,,Fz,early_visual_field_right,77.91879908491559
VisualCogA_Task-2,second,legacy_fixed_G_train_scalar,,Fz,config_energy_visual_field_left,10.529109300153557
VisualCogA_Task-2,second,legacy_fixed_G_train_scalar,,Fz,config_energy_visual_field_right,10.529109300153557
VisualCogA_Task-2,second,legacy_fixed_G_train_scalar,,Fz,triangle_left_preference,-209.71608307866148
VisualCogA_Task-2,second,legacy_fixed_G_train_scalar,,Fz,triangle_right_preference,-209.71608307866148
VisualCogA_Task-2,second,legacy_fixed_G_train_scalar,,F4,early_visual_field_left,74.31253865366128
VisualCogA_Task-2,second,legacy_fixed_G_train_scalar,,F4,early_visual_field_right,63.7319361395838
VisualCogA_Task-2,second,legacy_fixed_G_train_scalar,,F4,config_energy_visual_field_left,36.16617335602033
VisualCogA_Task-2,second,legacy_fixed_G_train_scalar,,F4,config_energy_visual_field_right,-53.9970618379813
VisualCogA_Task-2,second,legacy_fixed_G_train_scalar,,F4,triangle_left_preference,-111.45060643112082
VisualCogA_Task-2,second,legacy_fixed_G_train_scalar,,F4,triangle_right_preference,-435.18274946503624
VisualCogA_Task-2,second,effective_ridge_alpha_0.1,0.1,F3,early_visual_field_left,390.56277091680596
VisualCogA_Task-2,second,effective_ridge_alpha_0.1,0.1,F3,early_visual_field_right,693.8242906145491
VisualCogA_Task-2,second,effective_ridge_alpha_0.1,0.1,F3,config_energy_visual_field_left,-833.3188277127098
VisualCogA_Task-2,second,effective_ridge_alpha_0.1,0.1,F3,config_energy_visual_field_right,193.75736731687448
VisualCogA_Task-2,second,effective_ridge_alpha_0.1,0.1,F3,triangle_left_preference,-270.38999413544906
VisualCogA_Task-2,second,effective_ridge_alpha_0.1,0.1,F3,triangle_right_preference,-414.0027482794908
VisualCogA_Task-2,second,effective_ridge_alpha_0.1,0.1,Fz,early_visual_field_left,481.6322816745976
VisualCogA_Task-2,second,effective_ridge_alpha_0.1,0.1,Fz,early_visual_field_right,545.0758847614018
VisualCogA_Task-2,second,effective_ridge_alpha_0.1,0.1,Fz,config_energy_visual_field_left,-587.6317841533375
VisualCogA_Task-2,second,effective_ridge_alpha_0.1,0.1,Fz,config_energy_visual_field_right,-275.4497466161013
VisualCogA_Task-2,second,effective_ridge_alpha_0.1,0.1,Fz,triangle_left_preference,-256.0492989303669
VisualCogA_Task-2,second,effective_ridge_alpha_0.1,0.1,Fz,triangle_right_preference,-362.30724197393835
VisualCogA_Task-2,second,effective_ridge_alpha_0.1,0.1,F4,early_visual_field_left,688.5909391465109
VisualCogA_Task-2,second,effective_ridge_alpha_0.1,0.1,F4,early_visual_field_right,508.8286547384153
VisualCogA_Task-2,second,effective_ridge_alpha_0.1,0.1,F4,config_energy_visual_field_left,-527.7016328264347
VisualCogA_Task-2,second,effective_ridge_alpha_0.1,0.1,F4,config_energy_visual_field_right,-593.9926705379164
VisualCogA_Task-2,second,effective_ridge_alpha_0.1,0.1,F4,triangle_left_preference,-368.41937124535673
VisualCogA_Task-2,second,effective_ridge_alpha_0.1,0.1,F4,triangle_right_preference,-431.9199253841622
VisualCogA_Task-2,second,effective_ridge_alpha_1,1.0,F3,early_visual_field_left,99.99387276249276
VisualCogA_Task-2,second,effective_ridge_alpha_1,1.0,F3,early_visual_field_right,238.5888533138998
VisualCogA_Task-2,second,effective_ridge_alpha_1,1.0,F3,config_energy_visual_field_left,-187.33314945802272
VisualCogA_Task-2,second,effective_ridge_alpha_1,1.0,F3,config_energy_visual_field_right,137.3085591684638
VisualCogA_Task-2,second,effective_ridge_alpha_1,1.0,F3,triangle_left_preference,-340.2679904510635
VisualCogA_Task-2,second,effective_ridge_alpha_1,1.0,F3,triangle_right_preference,-217.82937254251905
VisualCogA_Task-2,second,effective_ridge_alpha_1,1.0,Fz,early_visual_field_left,106.2976624076194
VisualCogA_Task-2,second,effective_ridge_alpha_1,1.0,Fz,early_visual_field_right,135.79371087506553
VisualCogA_Task-2,second,effective_ridge_alpha_1,1.0,Fz,config_energy_visual_field_left,-140.89214476030003
VisualCogA_Task-2,second,effective_ridge_alpha_1,1.0,Fz,config_energy_visual_field_right,-76.37935355612461
VisualCogA_Task-2,second,effective_ridge_alpha_1,1.0,Fz,triangle_left_preference,-211.4101097418274
VisualCogA_Task-2,second,effective_ridge_alpha_1,1.0,Fz,triangle_right_preference,-258.24090070157246
VisualCogA_Task-2,second,effective_ridge_alpha_1,1.0,F4,early_visual_field_left,154.56469534313686
VisualCogA_Task-2,second,effective_ridge_alpha_1,1.0,F4,early_visual_field_right,76.07356644208659
VisualCogA_Task-2,second,effective_ridge_alpha_1,1.0,F4,config_energy_visual_field_left,-87.03918376088788
VisualCogA_Task-2,second,effective_ridge_alpha_1,1.0,F4,config_energy_visual_field_right,-245.94412269511383
VisualCogA_Task-2,second,effective_ridge_alpha_1,1.0,F4,triangle_left_preference,-197.64142002456606
VisualCogA_Task-2,second,effective_ridge_alpha_1,1.0,F4,triangle_right_preference,-415.35488645452705
VisualCogA_Task-2,second,effective_ridge_alpha_10,10.0,F3,early_visual_field_left,73.25247352919793
VisualCogA_Task-2,second,effective_ridge_alpha_10,10.0,F3,early_visual_field_right,102.69284143768644
VisualCogA_Task-2,second,effective_ridge_alpha_10,10.0,F3,config_energy_visual_field_left,-58.75061091031512
VisualCogA_Task-2,second,effective_ridge_alpha_10,10.0,F3,config_energy_visual_field_right,63.419157635931136
VisualCogA_Task-2,second,effective_ridge_alpha_10,10.0,F3,triangle_left_preference,-418.6589405662968
VisualCogA_Task-2,second,effective_ridge_alpha_10,10.0,F3,triangle_right_preference,-124.54782583739882
VisualCogA_Task-2,second,effective_ridge_alpha_10,10.0,Fz,early_visual_field_left,69.15418825782936
VisualCogA_Task-2,second,effective_ridge_alpha_10,10.0,Fz,early_visual_field_right,73.52356180207732
VisualCogA_Task-2,second,effective_ridge_alpha_10,10.0,Fz,config_energy_visual_field_left,-24.135798650327956
VisualCogA_Task-2,second,effective_ridge_alpha_10,10.0,Fz,config_energy_visual_field_right,-15.675842000915262
VisualCogA_Task-2,second,effective_ridge_alpha_10,10.0,Fz,triangle_left_preference,-212.13582474727676
VisualCogA_Task-2,second,effective_ridge_alpha_10,10.0,Fz,triangle_right_preference,-219.04294758420306
VisualCogA_Task-2,second,effective_ridge_alpha_10,10.0,F4,early_visual_field_left,68.2466967703045
VisualCogA_Task-2,second,effective_ridge_alpha_10,10.0,F4,early_visual_field_right,47.74289817348303
VisualCogA_Task-2,second,effective_ridge_alpha_10,10.0,F4,config_energy_visual_field_left,-0.3018105894196779
VisualCogA_Task-2,second,effective_ridge_alpha_10,10.0,F4,config_energy_visual_field_right,-101.74774125826919
VisualCogA_Task-2,second,effective_ridge_alpha_10,10.0,F4,triangle_left_preference,-127.30328662777383
VisualCogA_Task-2,second,effective_ridge_alpha_10,10.0,F4,triangle_right_preference,-435.52449938465264
VisualCogB_Task-1,first,legacy_fixed_G_train_scalar,,F3,early_visual_field_left,-4.589815501717635
VisualCogB_Task-1,first,legacy_fixed_G_train_scalar,,F3,early_visual_field_right,-5.351804174559208
VisualCogB_Task-1,first,legacy_fixed_G_train_scalar,,F3,config_energy_visual_field_left,3.8887340709117644
VisualCogB_Task-1,first,legacy_fixed_G_train_scalar,,F3,config_energy_visual_field_right,-2.604597838416673
VisualCogB_Task-1,first,legacy_fixed_G_train_scalar,,F3,triangle_left_preference,31.34077905934099
VisualCogB_Task-1,first,legacy_fixed_G_train_scalar,,F3,triangle_right_preference,8.026395431531135
VisualCogB_Task-1,first,legacy_fixed_G_train_scalar,,Fz,early_visual_field_left,-5.611518079913505
VisualCogB_Task-1,first,legacy_fixed_G_train_scalar,,Fz,early_visual_field_right,-5.611518079913505
VisualCogB_Task-1,first,legacy_fixed_G_train_scalar,,Fz,config_energy_visual_field_left,-0.7582802596688805
VisualCogB_Task-1,first,legacy_fixed_G_train_scalar,,Fz,config_energy_visual_field_right,-0.7582802596688805
VisualCogB_Task-1,first,legacy_fixed_G_train_scalar,,Fz,triangle_left_preference,15.103230615272343
VisualCogB_Task-1,first,legacy_fixed_G_train_scalar,,Fz,triangle_right_preference,15.103230615272343
VisualCogB_Task-1,first,legacy_fixed_G_train_scalar,,F4,early_visual_field_left,-5.351804174559208
VisualCogB_Task-1,first,legacy_fixed_G_train_scalar,,F4,early_visual_field_right,-4.589815501717635
VisualCogB_Task-1,first,legacy_fixed_G_train_scalar,,F4,config_energy_visual_field_left,-2.604597838416673
VisualCogB_Task-1,first,legacy_fixed_G_train_scalar,,F4,config_energy_visual_field_right,3.8887340709117644
VisualCogB_Task-1,first,legacy_fixed_G_train_scalar,,F4,triangle_left_preference,8.026395431531135
VisualCogB_Task-1,first,legacy_fixed_G_train_scalar,,F4,triangle_right_preference,31.34077905934099
VisualCogB_Task-1,first,effective_ridge_alpha_0.1,0.1,F3,early_visual_field_left,-25.86849704312308
VisualCogB_Task-1,first,effective_ridge_alpha_0.1,0.1,F3,early_visual_field_right,-49.77500545809127
VisualCogB_Task-1,first,effective_ridge_alpha_0.1,0.1,F3,config_energy_visual_field_left,194.4393174642899
VisualCogB_Task-1,first,effective_ridge_alpha_0.1,0.1,F3,config_energy_visual_field_right,210.1301947723353
VisualCogB_Task-1,first,effective_ridge_alpha_0.1,0.1,F3,triangle_left_preference,48.10633633676651
VisualCogB_Task-1,first,effective_ridge_alpha_0.1,0.1,F3,triangle_right_preference,41.366994518378654
VisualCogB_Task-1,first,effective_ridge_alpha_0.1,0.1,Fz,early_visual_field_left,73.23759465329896
VisualCogB_Task-1,first,effective_ridge_alpha_0.1,0.1,Fz,early_visual_field_right,53.54962543104008
VisualCogB_Task-1,first,effective_ridge_alpha_0.1,0.1,Fz,config_energy_visual_field_left,-148.65168051342494
VisualCogB_Task-1,first,effective_ridge_alpha_0.1,0.1,Fz,config_energy_visual_field_right,-269.54519650210995
VisualCogB_Task-1,first,effective_ridge_alpha_0.1,0.1,Fz,triangle_left_preference,-56.56856181930585
VisualCogB_Task-1,first,effective_ridge_alpha_0.1,0.1,Fz,triangle_right_preference,-30.52555743440331
VisualCogB_Task-1,first,effective_ridge_alpha_0.1,0.1,F4,early_visual_field_left,16.62801819876427
VisualCogB_Task-1,first,effective_ridge_alpha_0.1,0.1,F4,early_visual_field_right,-56.871798494920824
VisualCogB_Task-1,first,effective_ridge_alpha_0.1,0.1,F4,config_energy_visual_field_left,114.04880517897939
VisualCogB_Task-1,first,effective_ridge_alpha_0.1,0.1,F4,config_energy_visual_field_right,-46.255372340508416
VisualCogB_Task-1,first,effective_ridge_alpha_0.1,0.1,F4,triangle_left_preference,-50.597355706985624
VisualCogB_Task-1,first,effective_ridge_alpha_0.1,0.1,F4,triangle_right_preference,70.10075763073034
VisualCogB_Task-1,first,effective_ridge_alpha_1,1.0,F3,early_visual_field_left,35.368830360274806
VisualCogB_Task-1,first,effective_ridge_alpha_1,1.0,F3,early_visual_field_right,28.55542439560757
VisualCogB_Task-1,first,effective_ridge_alpha_1,1.0,F3,config_energy_visual_field_left,106.60568484890713
VisualCogB_Task-1,first,effective_ridge_alpha_1,1.0,F3,config_energy_visual_field_right,97.04938148852244
VisualCogB_Task-1,first,effective_ridge_alpha_1,1.0,F3,triangle_left_preference,43.09912235357722
VisualCogB_Task-1,first,effective_ridge_alpha_1,1.0,F3,triangle_right_preference,26.597747778795068
VisualCogB_Task-1,first,effective_ridge_alpha_1,1.0,Fz,early_visual_field_left,-49.2045791528196
VisualCogB_Task-1,first,effective_ridge_alpha_1,1.0,Fz,early_visual_field_right,-57.930271487453155
VisualCogB_Task-1,first,effective_ridge_alpha_1,1.0,Fz,config_energy_visual_field_left,-126.88651270688791
VisualCogB_Task-1,first,effective_ridge_alpha_1,1.0,Fz,config_energy_visual_field_right,-149.01564318527326
VisualCogB_Task-1,first,effective_ridge_alpha_1,1.0,Fz,triangle_left_preference,-15.030424152456227
VisualCogB_Task-1,first,effective_ridge_alpha_1,1.0,Fz,triangle_right_preference,-3.0952854258694114
VisualCogB_Task-1,first,effective_ridge_alpha_1,1.0,F4,early_visual_field_left,1.5039440399932003
VisualCogB_Task-1,first,effective_ridge_alpha_1,1.0,F4,early_visual_field_right,-28.423224796132253
VisualCogB_Task-1,first,effective_ridge_alpha_1,1.0,F4,config_energy_visual_field_left,15.321912687454189
VisualCogB_Task-1,first,effective_ridge_alpha_1,1.0,F4,config_energy_visual_field_right,-28.68049785678764
VisualCogB_Task-1,first,effective_ridge_alpha_1,1.0,F4,triangle_left_preference,-15.525539782452292
VisualCogB_Task-1,first,effective_ridge_alpha_1,1.0,F4,triangle_right_preference,49.647184477399804
VisualCogB_Task-1,first,effective_ridge_alpha_10,10.0,F3,early_visual_field_left,16.067520904582572
VisualCogB_Task-1,first,effective_ridge_alpha_10,10.0,F3,early_visual_field_right,14.467493331857241
VisualCogB_Task-1,first,effective_ridge_alpha_10,10.0,F3,config_energy_visual_field_left,41.30996734674149
VisualCogB_Task-1,first,effective_ridge_alpha_10,10.0,F3,config_energy_visual_field_right,34.17488207331033
VisualCogB_Task-1,first,effective_ridge_alpha_10,10.0,F3,triangle_left_preference,36.48103348299596
VisualCogB_Task-1,first,effective_ridge_alpha_10,10.0,F3,triangle_right_preference,14.169493493418821
VisualCogB_Task-1,first,effective_ridge_alpha_10,10.0,Fz,early_visual_field_left,-33.1607728341221
VisualCogB_Task-1,first,effective_ridge_alpha_10,10.0,Fz,early_visual_field_right,-34.455365528579925
VisualCogB_Task-1,first,effective_ridge_alpha_10,10.0,Fz,config_energy_visual_field_left,-51.321804262911684
VisualCogB_Task-1,first,effective_ridge_alpha_10,10.0,Fz,config_energy_visual_field_right,-54.1475753436975
VisualCogB_Task-1,first,effective_ridge_alpha_10,10.0,Fz,triangle_left_preference,5.947401939408158
VisualCogB_Task-1,first,effective_ridge_alpha_10,10.0,Fz,triangle_right_preference,7.723610673463301
VisualCogB_Task-1,first,effective_ridge_alpha_10,10.0,F4,early_visual_field_left,-6.337317147575133
VisualCogB_Task-1,first,effective_ridge_alpha_10,10.0,F4,early_visual_field_right,-10.096130626382626
VisualCogB_Task-1,first,effective_ridge_alpha_10,10.0,F4,config_energy_visual_field_left,-3.6163331206363805
VisualCogB_Task-1,first,effective_ridge_alpha_10,10.0,F4,config_energy_visual_field_right,-4.273368094501001
VisualCogB_Task-1,first,effective_ridge_alpha_10,10.0,F4,triangle_left_preference,4.080343264484795
VisualCogB_Task-1,first,effective_ridge_alpha_10,10.0,F4,triangle_right_preference,33.58523135556249
VisualCogB_Task-1,second,legacy_fixed_G_train_scalar,,F3,early_visual_field_left,18.14767738402251
VisualCogB_Task-1,second,legacy_fixed_G_train_scalar,,F3,early_visual_field_right,21.16050537238793
VisualCogB_Task-1,second,legacy_fixed_G_train_scalar,,F3,config_energy_visual_field_left,-15.375670617861095
VisualCogB_Task-1,second,legacy_fixed_G_train_scalar,,F3,config_energy_visual_field_right,10.298322725394828
VisualCogB_Task-1,second,legacy_fixed_G_train_scalar,,F3,triangle_left_preference,-123.91834641719309
VisualCogB_Task-1,second,legacy_fixed_G_train_scalar,,F3,triangle_right_preference,-31.735575164951417
VisualCogB_Task-1,second,legacy_fixed_G_train_scalar,,Fz,early_visual_field_left,22.187388515021993
VisualCogB_Task-1,second,legacy_fixed_G_train_scalar,,Fz,early_visual_field_right,22.187388515021993
VisualCogB_Task-1,second,legacy_fixed_G_train_scalar,,Fz,config_energy_visual_field_left,2.9981652887777095
VisualCogB_Task-1,second,legacy_fixed_G_train_scalar,,Fz,config_energy_visual_field_right,2.9981652887777095
VisualCogB_Task-1,second,legacy_fixed_G_train_scalar,,Fz,triangle_left_preference,-59.71668285138757
VisualCogB_Task-1,second,legacy_fixed_G_train_scalar,,Fz,triangle_right_preference,-59.71668285138757
VisualCogB_Task-1,second,legacy_fixed_G_train_scalar,,F4,early_visual_field_left,21.16050537238793
VisualCogB_Task-1,second,legacy_fixed_G_train_scalar,,F4,early_visual_field_right,18.14767738402251
VisualCogB_Task-1,second,legacy_fixed_G_train_scalar,,F4,config_energy_visual_field_left,10.298322725394828
VisualCogB_Task-1,second,legacy_fixed_G_train_scalar,,F4,config_energy_visual_field_right,-15.375670617861095
VisualCogB_Task-1,second,legacy_fixed_G_train_scalar,,F4,triangle_left_preference,-31.735575164951417
VisualCogB_Task-1,second,legacy_fixed_G_train_scalar,,F4,triangle_right_preference,-123.91834641719309
VisualCogB_Task-1,second,effective_ridge_alpha_0.1,0.1,F3,early_visual_field_left,152.38885898017028
VisualCogB_Task-1,second,effective_ridge_alpha_0.1,0.1,F3,early_visual_field_right,236.84984960501046
VisualCogB_Task-1,second,effective_ridge_alpha_0.1,0.1,F3,config_energy_visual_field_left,-47.57074868565
VisualCogB_Task-1,second,effective_ridge_alpha_0.1,0.1,F3,config_energy_visual_field_right,-131.3905000056754
VisualCogB_Task-1,second,effective_ridge_alpha_0.1,0.1,F3,triangle_left_preference,-136.1549930251304
VisualCogB_Task-1,second,effective_ridge_alpha_0.1,0.1,F3,triangle_right_preference,-127.28141098399567
VisualCogB_Task-1,second,effective_ridge_alpha_0.1,0.1,Fz,early_visual_field_left,6.388350741892403
VisualCogB_Task-1,second,effective_ridge_alpha_0.1,0.1,Fz,early_visual_field_right,43.33586736852709
VisualCogB_Task-1,second,effective_ridge_alpha_0.1,0.1,Fz,config_energy_visual_field_left,86.21006256028927
VisualCogB_Task-1,second,effective_ridge_alpha_0.1,0.1,Fz,config_energy_visual_field_right,155.32782253639127
VisualCogB_Task-1,second,effective_ridge_alpha_0.1,0.1,Fz,triangle_left_preference,-20.044109768344576
VisualCogB_Task-1,second,effective_ridge_alpha_0.1,0.1,Fz,triangle_right_preference,-73.81827505595818
VisualCogB_Task-1,second,effective_ridge_alpha_0.1,0.1,F4,early_visual_field_left,212.66620758400168
VisualCogB_Task-1,second,effective_ridge_alpha_0.1,0.1,F4,early_visual_field_right,94.71431090690612
VisualCogB_Task-1,second,effective_ridge_alpha_0.1,0.1,F4,config_energy_visual_field_left,198.90855112859765
VisualCogB_Task-1,second,effective_ridge_alpha_0.1,0.1,F4,config_energy_visual_field_right,-448.5822547020407
VisualCogB_Task-1,second,effective_ridge_alpha_0.1,0.1,F4,triangle_left_preference,-192.82000999810788
VisualCogB_Task-1,second,effective_ridge_alpha_0.1,0.1,F4,triangle_right_preference,-82.05693505043922
VisualCogB_Task-1,second,effective_ridge_alpha_1,1.0,F3,early_visual_field_left,24.10436892852742
VisualCogB_Task-1,second,effective_ridge_alpha_1,1.0,F3,early_visual_field_right,53.61344916222476
VisualCogB_Task-1,second,effective_ridge_alpha_1,1.0,F3,config_energy_visual_field_left,-63.17630716003532
VisualCogB_Task-1,second,effective_ridge_alpha_1,1.0,F3,config_energy_visual_field_right,-22.505986431280345
VisualCogB_Task-1,second,effective_ridge_alpha_1,1.0,F3,triangle_left_preference,-117.97022751035531
VisualCogB_Task-1,second,effective_ridge_alpha_1,1.0,F3,triangle_right_preference,-59.44660598924049
VisualCogB_Task-1,second,effective_ridge_alpha_1,1.0,Fz,early_visual_field_left,43.36735607773171
VisualCogB_Task-1,second,effective_ridge_alpha_1,1.0,Fz,early_visual_field_right,59.6937342171925
VisualCogB_Task-1,second,effective_ridge_alpha_1,1.0,Fz,config_energy_visual_field_left,55.67108762831506
VisualCogB_Task-1,second,effective_ridge_alpha_1,1.0,Fz,config_energy_visual_field_right,80.88163595205879
VisualCogB_Task-1,second,effective_ridge_alpha_1,1.0,Fz,triangle_left_preference,-38.74436252731238
VisualCogB_Task-1,second,effective_ridge_alpha_1,1.0,Fz,triangle_right_preference,-61.563579601219644
VisualCogB_Task-1,second,effective_ridge_alpha_1,1.0,F4,early_visual_field_left,44.051755828244474
VisualCogB_Task-1,second,effective_ridge_alpha_1,1.0,F4,early_visual_field_right,-20.359633426915796
VisualCogB_Task-1,second,effective_ridge_alpha_1,1.0,F4,config_energy_visual_field_left,-0.7070013206117957
VisualCogB_Task-1,second,effective_ridge_alpha_1,1.0,F4,config_energy_visual_field_right,-161.91331007749105
VisualCogB_Task-1,second,effective_ridge_alpha_1,1.0,F4,triangle_left_preference,-93.09489446380512
VisualCogB_Task-1,second,effective_ridge_alpha_1,1.0,F4,triangle_right_preference,-96.0604099791753
VisualCogB_Task-1,second,effective_ridge_alpha_10,10.0,F3,early_visual_field_left,13.937303530469224
VisualCogB_Task-1,second,effective_ridge_alpha_10,10.0,F3,early_visual_field_right,20.743901411220193
VisualCogB_Task-1,second,effective_ridge_alpha_10,10.0,F3,config_energy_visual_field_left,-28.4481519646576
VisualCogB_Task-1,second,effective_ridge_alpha_10,10.0,F3,config_energy_visual_field_right,0.37345445789279097
VisualCogB_Task-1,second,effective_ridge_alpha_10,10.0,F3,triangle_left_preference,-123.68617438417706
VisualCogB_Task-1,second,effective_ridge_alpha_10,10.0,F3,triangle_right_preference,-36.44898067757239
VisualCogB_Task-1,second,effective_ridge_alpha_10,10.0,Fz,early_visual_field_left,35.1596688982205
VisualCogB_Task-1,second,effective_ridge_alpha_10,10.0,Fz,early_visual_field_right,37.580635825047054
VisualCogB_Task-1,second,effective_ridge_alpha_10,10.0,Fz,config_energy_visual_field_left,25.958062744320348
VisualCogB_Task-1,second,effective_ridge_alpha_10,10.0,Fz,config_energy_visual_field_right,29.619118097205938
VisualCogB_Task-1,second,effective_ridge_alpha_10,10.0,Fz,triangle_left_preference,-54.28457380702678
VisualCogB_Task-1,second,effective_ridge_alpha_10,10.0,Fz,triangle_right_preference,-57.654968349497985
VisualCogB_Task-1,second,effective_ridge_alpha_10,10.0,F4,early_visual_field_left,12.921921399799476
VisualCogB_Task-1,second,effective_ridge_alpha_10,10.0,F4,early_visual_field_right,0.6530393015400484
VisualCogB_Task-1,second,effective_ridge_alpha_10,10.0,F4,config_energy_visual_field_left,-8.636431927451603
VisualCogB_Task-1,second,effective_ridge_alpha_10,10.0,F4,config_energy_visual_field_right,-52.38092345962397
VisualCogB_Task-1,second,effective_ridge_alpha_10,10.0,F4,triangle_left_preference,-43.1022676912662
VisualCogB_Task-1,second,effective_ridge_alpha_10,10.0,F4,triangle_right_preference,-122.06049768728874
VisualCogB_Task-2,first,legacy_fixed_G_train_scalar,,F3,early_visual_field_left,56.47547347024871
VisualCogB_Task-2,first,legacy_fixed_G_train_scalar,,F3,early_visual_field_right,65.85137780923357
VisualCogB_Task-2,first,legacy_fixed_G_train_scalar,,F3,config_energy_visual_field_left,-47.849003467011364
VisualCogB_Task-2,first,legacy_fixed_G_train_scalar,,F3,config_energy_visual_field_right,32.04832439759738
VisualCogB_Task-2,first,legacy_fixed_G_train_scalar,,F3,triangle_left_preference,-385.63322112628737
VisualCogB_Task-2,first,legacy_fixed_G_train_scalar,,F3,triangle_right_preference,-98.76093757701739
VisualCogB_Task-2,first,legacy_fixed_G_train_scalar,,Fz,early_visual_field_left,69.04703257274254
VisualCogB_Task-2,first,legacy_fixed_G_train_scalar,,Fz,early_visual_field_right,69.04703257274254
VisualCogB_Task-2,first,legacy_fixed_G_train_scalar,,Fz,config_energy_visual_field_left,9.330274097491971
VisualCogB_Task-2,first,legacy_fixed_G_train_scalar,,Fz,config_energy_visual_field_right,9.330274097491971
VisualCogB_Task-2,first,legacy_fixed_G_train_scalar,,Fz,triangle_left_preference,-185.8379927490897
VisualCogB_Task-2,first,legacy_fixed_G_train_scalar,,Fz,triangle_right_preference,-185.8379927490897
VisualCogB_Task-2,first,legacy_fixed_G_train_scalar,,F4,early_visual_field_left,65.85137780923357
VisualCogB_Task-2,first,legacy_fixed_G_train_scalar,,F4,early_visual_field_right,56.47547347024871
VisualCogB_Task-2,first,legacy_fixed_G_train_scalar,,F4,config_energy_visual_field_left,32.04832439759738
VisualCogB_Task-2,first,legacy_fixed_G_train_scalar,,F4,config_energy_visual_field_right,-47.849003467011364
VisualCogB_Task-2,first,legacy_fixed_G_train_scalar,,F4,triangle_left_preference,-98.76093757701739
VisualCogB_Task-2,first,legacy_fixed_G_train_scalar,,F4,triangle_right_preference,-385.63322112628737
VisualCogB_Task-2,first,effective_ridge_alpha_0.1,0.1,F3,early_visual_field_left,60.8162279035928
VisualCogB_Task-2,first,effective_ridge_alpha_0.1,0.1,F3,early_visual_field_right,337.5453049052366
VisualCogB_Task-2,first,effective_ridge_alpha_0.1,0.1,F3,config_energy_visual_field_left,-461.95808703482203
VisualCogB_Task-2,first,effective_ridge_alpha_0.1,0.1,F3,config_energy_visual_field_right,742.7728116204945
VisualCogB_Task-2,first,effective_ridge_alpha_0.1,0.1,F3,triangle_left_preference,-193.1553700833331
VisualCogB_Task-2,first,effective_ridge_alpha_0.1,0.1,F3,triangle_right_preference,-332.18793354073745
VisualCogB_Task-2,first,effective_ridge_alpha_0.1,0.1,Fz,early_visual_field_left,264.8084533489258
VisualCogB_Task-2,first,effective_ridge_alpha_0.1,0.1,Fz,early_visual_field_right,278.0999887023444
VisualCogB_Task-2,first,effective_ridge_alpha_0.1,0.1,Fz,config_energy_visual_field_left,-318.77205005691803
VisualCogB_Task-2,first,effective_ridge_alpha_0.1,0.1,Fz,config_energy_visual_field_right,-71.74923247337752
VisualCogB_Task-2,first,effective_ridge_alpha_0.1,0.1,Fz,triangle_left_preference,-283.7011726987826
VisualCogB_Task-2,first,effective_ridge_alpha_0.1,0.1,Fz,triangle_right_preference,-314.6296650503813
VisualCogB_Task-2,first,effective_ridge_alpha_0.1,0.1,F4,early_visual_field_left,371.06671242664333
VisualCogB_Task-2,first,effective_ridge_alpha_0.1,0.1,F4,early_visual_field_right,278.13088827908837
VisualCogB_Task-2,first,effective_ridge_alpha_0.1,0.1,F4,config_energy_visual_field_left,-328.87962608553954
VisualCogB_Task-2,first,effective_ridge_alpha_0.1,0.1,F4,config_energy_visual_field_right,149.97972227239345
VisualCogB_Task-2,first,effective_ridge_alpha_0.1,0.1,F4,triangle_left_preference,-235.14997110884758
VisualCogB_Task-2,first,effective_ridge_alpha_0.1,0.1,F4,triangle_right_preference,-457.0061944803241
VisualCogB_Task-2,first,effective_ridge_alpha_1,1.0,F3,early_visual_field_left,57.05886237638879
VisualCogB_Task-2,first,effective_ridge_alpha_1,1.0,F3,early_visual_field_right,197.19058883121556
VisualCogB_Task-2,first,effective_ridge_alpha_1,1.0,F3,config_energy_visual_field_left,-96.0906814981539
VisualCogB_Task-2,first,effective_ridge_alpha_1,1.0,F3,config_energy_visual_field_right,248.72800881894167
VisualCogB_Task-2,first,effective_ridge_alpha_1,1.0,F3,triangle_left_preference,-284.47002464258424
VisualCogB_Task-2,first,effective_ridge_alpha_1,1.0,F3,triangle_right_preference,-183.51691952668236
VisualCogB_Task-2,first,effective_ridge_alpha_1,1.0,Fz,early_visual_field_left,31.533505671917474
VisualCogB_Task-2,first,effective_ridge_alpha_1,1.0,Fz,early_visual_field_right,41.503367068805666
VisualCogB_Task-2,first,effective_ridge_alpha_1,1.0,Fz,config_energy_visual_field_left,-170.0427285202907
VisualCogB_Task-2,first,effective_ridge_alpha_1,1.0,Fz,config_energy_visual_field_right,-132.2147264736802
VisualCogB_Task-2,first,effective_ridge_alpha_1,1.0,Fz,triangle_left_preference,-212.0614808907789
VisualCogB_Task-2,first,effective_ridge_alpha_1,1.0,Fz,triangle_right_preference,-227.06499312121127
VisualCogB_Task-2,first,effective_ridge_alpha_1,1.0,F4,early_visual_field_left,95.2640967783218
VisualCogB_Task-2,first,effective_ridge_alpha_1,1.0,F4,early_visual_field_right,66.25462962185205
VisualCogB_Task-2,first,effective_ridge_alpha_1,1.0,F4,config_energy_visual_field_left,-62.960987734796376
VisualCogB_Task-2,first,effective_ridge_alpha_1,1.0,F4,config_energy_visual_field_right,-101.45179020251464
VisualCogB_Task-2,first,effective_ridge_alpha_1,1.0,F4,triangle_left_preference,-131.32374415446398
VisualCogB_Task-2,first,effective_ridge_alpha_1,1.0,F4,triangle_right_preference,-396.18119187069965
VisualCogB_Task-2,first,effective_ridge_alpha_10,10.0,F3,early_visual_field_left,69.71370519490002
VisualCogB_Task-2,first,effective_ridge_alpha_10,10.0,F3,early_visual_field_right,98.66141824513345
VisualCogB_Task-2,first,effective_ridge_alpha_10,10.0,F3,config_energy_visual_field_left,-31.15442034805579
VisualCogB_Task-2,first,effective_ridge_alpha_10,10.0,F3,config_energy_visual_field_right,84.65115216637898
VisualCogB_Task-2,first,effective_ridge_alpha_10,10.0,F3,triangle_left_preference,-367.0551244691409
VisualCogB_Task-2,first,effective_ridge_alpha_10,10.0,F3,triangle_right_preference,-107.72448626761583
VisualCogB_Task-2,first,effective_ridge_alpha_10,10.0,Fz,early_visual_field_left,38.56056858750998
VisualCogB_Task-2,first,effective_ridge_alpha_10,10.0,Fz,early_visual_field_right,40.097881335389864
VisualCogB_Task-2,first,effective_ridge_alpha_10,10.0,Fz,config_energy_visual_field_left,-52.72000063013223
VisualCogB_Task-2,first,effective_ridge_alpha_10,10.0,Fz,config_energy_visual_field_right,-48.149209927228206
VisualCogB_Task-2,first,effective_ridge_alpha_10,10.0,Fz,triangle_left_preference,-194.7628725294451
VisualCogB_Task-2,first,effective_ridge_alpha_10,10.0,Fz,triangle_right_preference,-197.00766553635563
VisualCogB_Task-2,first,effective_ridge_alpha_10,10.0,F4,early_visual_field_left,58.95604726185722
VisualCogB_Task-2,first,effective_ridge_alpha_10,10.0,F4,early_visual_field_right,46.915770237127795
VisualCogB_Task-2,first,effective_ridge_alpha_10,10.0,F4,config_energy_visual_field_left,5.578752513834999
VisualCogB_Task-2,first,effective_ridge_alpha_10,10.0,F4,config_energy_visual_field_right,-71.17280062837291
VisualCogB_Task-2,first,effective_ridge_alpha_10,10.0,F4,triangle_left_preference,-105.17858686377753
VisualCogB_Task-2,first,effective_ridge_alpha_10,10.0,F4,triangle_right_preference,-388.8838733898743
VisualCogB_Task-2,second,legacy_fixed_G_train_scalar,,F3,early_visual_field_left,-11.06595243675661
VisualCogB_Task-2,second,legacy_fixed_G_train_scalar,,F3,early_visual_field_right,-12.90309173088654
VisualCogB_Task-2,second,legacy_fixed_G_train_scalar,,F3,config_energy_visual_field_left,9.375659272535145
VisualCogB_Task-2,second,legacy_fixed_G_train_scalar,,F3,config_energy_visual_field_right,-6.279632762147382
VisualCogB_Task-2,second,legacy_fixed_G_train_scalar,,F3,triangle_left_preference,75.56198506710717
VisualCogB_Task-2,second,legacy_fixed_G_train_scalar,,F3,triangle_right_preference,19.351477210943518
VisualCogB_Task-2,second,legacy_fixed_G_train_scalar,,Fz,early_visual_field_left,-13.529256709138812
VisualCogB_Task-2,second,legacy_fixed_G_train_scalar,,Fz,early_visual_field_right,-13.529256709138812
VisualCogB_Task-2,second,legacy_fixed_G_train_scalar,,Fz,config_energy_visual_field_left,-1.8281983848995904
VisualCogB_Task-2,second,legacy_fixed_G_train_scalar,,Fz,config_energy_visual_field_right,-1.8281983848995904
VisualCogB_Task-2,second,legacy_fixed_G_train_scalar,,Fz,triangle_left_preference,36.41358385046736
VisualCogB_Task-2,second,legacy_fixed_G_train_scalar,,Fz,triangle_right_preference,36.41358385046736
VisualCogB_Task-2,second,legacy_fixed_G_train_scalar,,F4,early_visual_field_left,-12.90309173088654
VisualCogB_Task-2,second,legacy_fixed_G_train_scalar,,F4,early_visual_field_right,-11.06595243675661
VisualCogB_Task-2,second,legacy_fixed_G_train_scalar,,F4,config_energy_visual_field_left,-6.279632762147382
VisualCogB_Task-2,second,legacy_fixed_G_train_scalar,,F4,config_energy_visual_field_right,9.375659272535145
VisualCogB_Task-2,second,legacy_fixed_G_train_scalar,,F4,triangle_left_preference,19.351477210943518
VisualCogB_Task-2,second,legacy_fixed_G_train_scalar,,F4,triangle_right_preference,75.56198506710717
VisualCogB_Task-2,second,effective_ridge_alpha_0.1,0.1,F3,early_visual_field_left,-82.26018790097457
VisualCogB_Task-2,second,effective_ridge_alpha_0.1,0.1,F3,early_visual_field_right,1.2549311609640705
VisualCogB_Task-2,second,effective_ridge_alpha_0.1,0.1,F3,config_energy_visual_field_left,-52.331986712141706
VisualCogB_Task-2,second,effective_ridge_alpha_0.1,0.1,F3,config_energy_visual_field_right,667.4881454051277
VisualCogB_Task-2,second,effective_ridge_alpha_0.1,0.1,F3,triangle_left_preference,219.65402470434665
VisualCogB_Task-2,second,effective_ridge_alpha_0.1,0.1,F3,triangle_right_preference,-5.541367675427128
VisualCogB_Task-2,second,effective_ridge_alpha_0.1,0.1,Fz,early_visual_field_left,79.85876607944951
VisualCogB_Task-2,second,effective_ridge_alpha_0.1,0.1,Fz,early_visual_field_right,79.72404008333596
VisualCogB_Task-2,second,effective_ridge_alpha_0.1,0.1,Fz,config_energy_visual_field_left,-233.12610831374403
VisualCogB_Task-2,second,effective_ridge_alpha_0.1,0.1,Fz,config_energy_visual_field_right,-102.94410446736592
VisualCogB_Task-2,second,effective_ridge_alpha_0.1,0.1,Fz,triangle_left_preference,-28.090286591660288
VisualCogB_Task-2,second,effective_ridge_alpha_0.1,0.1,Fz,triangle_right_preference,-37.861936418423085
VisualCogB_Task-2,second,effective_ridge_alpha_0.1,0.1,F4,early_visual_field_left,-12.050367968548516
VisualCogB_Task-2,second,effective_ridge_alpha_0.1,0.1,F4,early_visual_field_right,133.23725607828987
VisualCogB_Task-2,second,effective_ridge_alpha_0.1,0.1,F4,config_energy_visual_field_left,-529.0603716048182
VisualCogB_Task-2,second,effective_ridge_alpha_0.1,0.1,F4,config_energy_visual_field_right,406.3182464160305
VisualCogB_Task-2,second,effective_ridge_alpha_0.1,0.1,F4,triangle_left_preference,95.12875030757287
VisualCogB_Task-2,second,effective_ridge_alpha_0.1,0.1,F4,triangle_right_preference,-105.86723983586437
VisualCogB_Task-2,second,effective_ridge_alpha_1,1.0,F3,early_visual_field_left,44.32795953048483
VisualCogB_Task-2,second,effective_ridge_alpha_1,1.0,F3,early_visual_field_right,94.07106297426357
VisualCogB_Task-2,second,effective_ridge_alpha_1,1.0,F3,config_energy_visual_field_left,133.8937812116666
VisualCogB_Task-2,second,effective_ridge_alpha_1,1.0,F3,config_energy_visual_field_right,255.6842680238094
VisualCogB_Task-2,second,effective_ridge_alpha_1,1.0,F3,triangle_left_preference,144.89601187959255
VisualCogB_Task-2,second,effective_ridge_alpha_1,1.0,F3,triangle_right_preference,12.464231795557986
VisualCogB_Task-2,second,effective_ridge_alpha_1,1.0,Fz,early_visual_field_left,-54.26538041182931
VisualCogB_Task-2,second,effective_ridge_alpha_1,1.0,Fz,early_visual_field_right,-51.23682128644455
VisualCogB_Task-2,second,effective_ridge_alpha_1,1.0,Fz,config_energy_visual_field_left,-137.28277205021132
VisualCogB_Task-2,second,effective_ridge_alpha_1,1.0,Fz,config_energy_visual_field_right,-119.51238618364978
VisualCogB_Task-2,second,effective_ridge_alpha_1,1.0,Fz,triangle_left_preference,14.704230763821082
VisualCogB_Task-2,second,effective_ridge_alpha_1,1.0,Fz,triangle_right_preference,9.531719052134664
VisualCogB_Task-2,second,effective_ridge_alpha_1,1.0,F4,early_visual_field_left,-71.35246118436613
VisualCogB_Task-2,second,effective_ridge_alpha_1,1.0,F4,early_visual_field_right,9.112679382001078
VisualCogB_Task-2,second,effective_ridge_alpha_1,1.0,F4,config_energy_visual_field_left,-170.62934581147692
VisualCogB_Task-2,second,effective_ridge_alpha_1,1.0,F4,config_energy_visual_field_right,31.88281097831111
VisualCogB_Task-2,second,effective_ridge_alpha_1,1.0,F4,triangle_left_preference,60.938673701287385
VisualCogB_Task-2,second,effective_ridge_alpha_1,1.0,F4,triangle_right_preference,2.843934703741334
VisualCogB_Task-2,second,effective_ridge_alpha_10,10.0,F3,early_visual_field_left,26.764157396086425
VisualCogB_Task-2,second,effective_ridge_alpha_10,10.0,F3,early_visual_field_right,32.7746075299346
VisualCogB_Task-2,second,effective_ridge_alpha_10,10.0,F3,config_energy_visual_field_left,74.64148252450946
VisualCogB_Task-2,second,effective_ridge_alpha_10,10.0,F3,config_energy_visual_field_right,76.6376263511899
VisualCogB_Task-2,second,effective_ridge_alpha_10,10.0,F3,triangle_left_preference,92.69452921650587
VisualCogB_Task-2,second,effective_ridge_alpha_10,10.0,F3,triangle_right_preference,25.156410179764997
VisualCogB_Task-2,second,effective_ridge_alpha_10,10.0,Fz,early_visual_field_left,-39.38870016586428
VisualCogB_Task-2,second,effective_ridge_alpha_10,10.0,Fz,early_visual_field_right,-38.89539151848701
VisualCogB_Task-2,second,effective_ridge_alpha_10,10.0,Fz,config_energy_visual_field_left,-51.095925671743444
VisualCogB_Task-2,second,effective_ridge_alpha_10,10.0,Fz,config_energy_visual_field_right,-49.03977688936146
VisualCogB_Task-2,second,effective_ridge_alpha_10,10.0,Fz,triangle_left_preference,28.945991068545492
VisualCogB_Task-2,second,effective_ridge_alpha_10,10.0,Fz,triangle_right_preference,28.166321828715247
VisualCogB_Task-2,second,effective_ridge_alpha_10,10.0,F4,early_visual_field_left,-33.23634808558779
VisualCogB_Task-2,second,effective_ridge_alpha_10,10.0,F4,early_visual_field_right,-19.52071643926126
VisualCogB_Task-2,second,effective_ridge_alpha_10,10.0,F4,config_energy_visual_field_left,-46.17455415734705
VisualCogB_Task-2,second,effective_ridge_alpha_10,10.0,F4,config_energy_visual_field_right,-6.005900268670475
VisualCogB_Task-2,second,effective_ridge_alpha_10,10.0,F4,triangle_left_preference,23.1407856882484
VisualCogB_Task-2,second,effective_ridge_alpha_10,10.0,F4,triangle_right_preference,62.38832972656367
