record,original_trial_index,cue_time_s,response_time_s,endpoint_time_s,endpoint_status,window_duration_s,cue_side,response_code,q1_trial_index,q1_final_drop,eeg_quality
VisualCogA_Task-1,0,20.1640625,22.4921875,22.3921875,marker_minus_100ms,2.23046875,-1,-2,0.0,0,retained_by_q1
VisualCogA_Task-1,1,29.4453125,31.66015625,31.56015625,marker_minus_100ms,2.1171875,1,2,1.0,0,retained_by_q1
VisualCogA_Task-1,2,37.8515625,40.0703125,39.9703125,marker_minus_100ms,2.12109375,-1,-2,,1,excluded_by_q1
VisualCogA_Task-1,3,46.29296875,48.5078125,48.4078125,marker_minus_100ms,2.1171875,-1,-2,,1,excluded_by_q1
VisualCogA_Task-1,4,54.90234375,57.12109375,57.02109375,marker_minus_100ms,2.12109375,1,2,2.0,0,retained_by_q1
VisualCogA_Task-1,5,63.34375,65.55859375,65.45859375,marker_minus_100ms,2.1171875,-1,-2,3.0,0,retained_by_q1
VisualCogA_Task-1,6,71.75,73.96875,73.86875,marker_minus_100ms,2.12109375,-1,-2,4.0,0,retained_by_q1
VisualCogA_Task-1,7,80.42578125,82.640625,82.540625,marker_minus_100ms,2.1171875,-1,-2,5.0,0,retained_by_q1
VisualCogA_Task-1,8,88.69140625,90.90625,90.80625,marker_minus_100ms,2.1171875,1,2,6.0,0,retained_by_q1
VisualCogA_Task-1,9,97.0859375,99.30078125,99.20078125,marker_minus_100ms,2.1171875,1,2,7.0,0,retained_by_q1
VisualCogA_Task-1,10,105.8671875,108.08203125,107.98203125,marker_minus_100ms,2.1171875,1,2,8.0,0,retained_by_q1
VisualCogA_Task-1,11,114.2734375,116.4921875,116.3921875,marker_minus_100ms,2.12109375,1,2,9.0,0,retained_by_q1
VisualCogA_Task-1,12,122.57421875,124.7890625,124.6890625,marker_minus_100ms,2.1171875,-1,-2,10.0,0,retained_by_q1
VisualCogA_Task-1,13,130.9375,133.15234375,133.05234375,marker_minus_100ms,2.1171875,-1,-2,,1,excluded_by_q1
VisualCogA_Task-1,14,139.359375,141.57421875,141.47421875,marker_minus_100ms,2.1171875,1,2,,1,excluded_by_q1
VisualCogA_Task-1,15,147.61328125,149.828125,149.728125,marker_minus_100ms,2.1171875,-1,-2,11.0,0,retained_by_q1
VisualCogA_Task-1,16,155.84765625,158.06640625,157.96640625,marker_minus_100ms,2.12109375,1,2,12.0,0,retained_by_q1
VisualCogA_Task-1,17,164.4921875,166.70703125,166.60703125,marker_minus_100ms,2.1171875,-1,-2,13.0,0,retained_by_q1
VisualCogA_Task-1,18,172.9765625,175.19140625,175.09140625,marker_minus_100ms,2.1171875,-1,-2,,1,excluded_by_q1
VisualCogA_Task-1,19,181.41796875,183.6328125,183.5328125,marker_minus_100ms,2.1171875,1,2,,1,excluded_by_q1
VisualCogA_Task-1,20,189.76171875,191.98046875,191.88046875,marker_minus_100ms,2.12109375,-1,-2,14.0,0,retained_by_q1
VisualCogA_Task-1,21,197.953125,200.16796875,200.06796875,marker_minus_100ms,2.1171875,-1,-2,,1,excluded_by_q1
VisualCogA_Task-1,22,206.46875,208.68359375,208.58359375,marker_minus_100ms,2.1171875,1,2,,1,excluded_by_q1
VisualCogA_Task-1,23,214.84765625,217.0625,216.9625,marker_minus_100ms,2.1171875,-1,-2,15.0,0,retained_by_q1
VisualCogA_Task-1,24,223.17578125,225.390625,225.290625,marker_minus_100ms,2.1171875,-1,-2,16.0,0,retained_by_q1
VisualCogA_Task-1,25,231.6953125,233.91015625,233.81015625,marker_minus_100ms,2.1171875,1,2,,1,excluded_by_q1
VisualCogA_Task-1,26,239.8828125,242.1015625,242.0015625,marker_minus_100ms,2.12109375,1,2,,1,excluded_by_q1
VisualCogA_Task-1,27,248.33984375,250.5546875,250.4546875,marker_minus_100ms,2.1171875,-1,-2,,1,excluded_by_q1
VisualCogA_Task-1,28,256.49609375,258.71484375,258.61484375,marker_minus_100ms,2.12109375,-1,-2,17.0,0,retained_by_q1
VisualCogA_Task-1,29,265.078125,267.29296875,267.19296875,marker_minus_100ms,2.1171875,-1,-2,18.0,0,retained_by_q1
VisualCogA_Task-1,30,273.34375,275.5625,275.4625,marker_minus_100ms,2.12109375,-1,-2,19.0,0,retained_by_q1
VisualCogA_Task-1,31,281.56640625,283.78125,283.68125,marker_minus_100ms,2.1171875,1,2,20.0,0,retained_by_q1
VisualCogA_Task-1,32,290.11328125,292.33203125,292.23203125,marker_minus_100ms,2.12109375,1,2,21.0,0,retained_by_q1
VisualCogA_Task-1,33,298.5234375,300.73828125,300.63828125,marker_minus_100ms,2.1171875,-1,-2,22.0,0,retained_by_q1
VisualCogA_Task-1,34,307.3203125,309.53515625,309.43515625,marker_minus_100ms,2.1171875,1,2,23.0,0,retained_by_q1
VisualCogA_Task-1,35,315.58984375,317.8046875,317.7046875,marker_minus_100ms,2.1171875,-1,-2,,1,excluded_by_q1
VisualCogA_Task-1,36,323.94921875,326.16796875,326.06796875,marker_minus_100ms,2.12109375,-1,-2,,1,excluded_by_q1
VisualCogA_Task-1,37,332.328125,334.54296875,334.44296875,marker_minus_100ms,2.1171875,-1,-2,24.0,0,retained_by_q1
VisualCogA_Task-1,38,340.640625,342.859375,342.759375,marker_minus_100ms,2.12109375,-1,-2,,1,excluded_by_q1
VisualCogA_Task-1,39,349.03515625,351.25,351.15,marker_minus_100ms,2.1171875,-1,-2,,1,excluded_by_q1
VisualCogA_Task-1,40,357.23828125,359.45703125,359.35703125,marker_minus_100ms,2.12109375,-1,-2,,1,excluded_by_q1
VisualCogA_Task-1,41,365.4453125,367.6640625,367.5640625,marker_minus_100ms,2.12109375,1,2,25.0,0,retained_by_q1
VisualCogA_Task-1,42,373.8203125,376.0390625,375.9390625,marker_minus_100ms,2.12109375,-1,-2,,1,excluded_by_q1
VisualCogA_Task-1,43,382.33984375,384.5546875,384.4546875,marker_minus_100ms,2.1171875,1,2,,1,excluded_by_q1
VisualCogA_Task-1,44,390.60546875,392.82421875,392.72421875,marker_minus_100ms,2.12109375,-1,-2,26.0,0,retained_by_q1
VisualCogA_Task-1,45,398.8125,401.02734375,400.92734375,marker_minus_100ms,2.1171875,-1,-2,,1,excluded_by_q1
VisualCogA_Task-1,46,407.16015625,409.375,409.275,marker_minus_100ms,2.1171875,-1,-2,27.0,0,retained_by_q1
VisualCogA_Task-1,47,415.70703125,417.921875,417.821875,marker_minus_100ms,2.1171875,1,2,,1,excluded_by_q1
VisualCogA_Task-1,48,424.19140625,426.41015625,426.31015625,marker_minus_100ms,2.12109375,-1,-2,28.0,0,retained_by_q1
VisualCogA_Task-1,49,432.5234375,434.73828125,434.63828125,marker_minus_100ms,2.1171875,-1,-2,29.0,0,retained_by_q1
VisualCogA_Task-1,50,440.76171875,442.9765625,442.8765625,marker_minus_100ms,2.1171875,1,2,30.0,0,retained_by_q1
VisualCogA_Task-1,51,449.15234375,451.37109375,451.27109375,marker_minus_100ms,2.12109375,1,2,,1,excluded_by_q1
VisualCogA_Task-1,52,457.609375,459.82421875,459.72421875,marker_minus_100ms,2.1171875,1,2,,1,excluded_by_q1
VisualCogA_Task-1,53,465.875,468.09375,467.99375,marker_minus_100ms,2.12109375,-1,-2,,1,excluded_by_q1
VisualCogA_Task-1,54,474.28515625,476.5,476.4,marker_minus_100ms,2.1171875,1,2,31.0,0,retained_by_q1
VisualCogA_Task-1,55,482.58203125,484.80078125,484.70078125,marker_minus_100ms,2.12109375,-1,-2,32.0,0,retained_by_q1
VisualCogA_Task-1,56,491.0234375,493.23828125,493.13828125,marker_minus_100ms,2.1171875,-1,-2,,1,excluded_by_q1
VisualCogA_Task-1,57,499.4609375,501.67578125,501.57578125,marker_minus_100ms,2.1171875,1,2,33.0,0,retained_by_q1
VisualCogA_Task-1,58,507.91796875,510.1328125,510.0328125,marker_minus_100ms,2.1171875,1,2,,1,excluded_by_q1
VisualCogA_Task-1,59,516.30859375,518.5234375,518.4234375,marker_minus_100ms,2.1171875,-1,-2,,1,excluded_by_q1
VisualCogA_Task-1,60,524.75,526.96484375,526.86484375,marker_minus_100ms,2.1171875,1,2,34.0,0,retained_by_q1
VisualCogA_Task-1,61,533.8125,536.02734375,535.92734375,marker_minus_100ms,2.1171875,-1,-2,,1,excluded_by_q1
VisualCogA_Task-1,62,542.140625,544.359375,544.259375,marker_minus_100ms,2.12109375,1,2,,1,excluded_by_q1
VisualCogA_Task-1,63,550.55078125,552.765625,552.665625,marker_minus_100ms,2.1171875,1,2,,1,excluded_by_q1
VisualCogA_Task-1,64,558.73828125,560.95703125,560.85703125,marker_minus_100ms,2.12109375,-1,-2,35.0,0,retained_by_q1
VisualCogA_Task-1,65,567.2421875,569.45703125,569.35703125,marker_minus_100ms,2.1171875,1,2,,1,excluded_by_q1
VisualCogA_Task-1,66,575.5390625,577.7578125,577.6578125,marker_minus_100ms,2.12109375,-1,-2,36.0,0,retained_by_q1
VisualCogA_Task-1,67,583.96484375,586.1796875,586.0796875,marker_minus_100ms,2.1171875,-1,-2,,1,excluded_by_q1
VisualCogA_Task-1,68,592.23046875,594.44921875,594.34921875,marker_minus_100ms,2.12109375,1,2,37.0,0,retained_by_q1
VisualCogA_Task-1,69,600.625,602.83984375,602.73984375,marker_minus_100ms,2.1171875,1,2,38.0,0,retained_by_q1
VisualCogA_Task-1,70,608.94140625,611.15625,611.05625,marker_minus_100ms,2.1171875,-1,-2,,1,excluded_by_q1
VisualCogA_Task-1,71,617.25390625,619.46875,619.36875,marker_minus_100ms,2.1171875,1,2,39.0,0,retained_by_q1
VisualCogA_Task-1,72,625.3515625,627.56640625,627.46640625,marker_minus_100ms,2.1171875,-1,-2,40.0,0,retained_by_q1
VisualCogA_Task-1,73,633.8046875,636.01953125,635.91953125,marker_minus_100ms,2.1171875,1,2,41.0,0,retained_by_q1
VisualCogA_Task-1,74,642.05859375,644.2734375,644.1734375,marker_minus_100ms,2.1171875,-1,-2,42.0,0,retained_by_q1
VisualCogA_Task-1,75,650.37109375,652.58984375,652.48984375,marker_minus_100ms,2.12109375,1,2,43.0,0,retained_by_q1
VisualCogA_Task-1,76,658.578125,660.79296875,660.69296875,marker_minus_100ms,2.1171875,-1,-2,,1,excluded_by_q1
VisualCogA_Task-1,77,666.9375,669.15625,669.05625,marker_minus_100ms,2.12109375,-1,-2,,1,excluded_by_q1
VisualCogA_Task-1,78,675.23828125,677.45703125,677.35703125,marker_minus_100ms,2.12109375,-1,-2,44.0,0,retained_by_q1
VisualCogA_Task-1,79,683.6015625,685.81640625,685.71640625,marker_minus_100ms,2.1171875,-1,-2,45.0,0,retained_by_q1
VisualCogA_Task-1,80,692.0703125,694.28515625,694.18515625,marker_minus_100ms,2.1171875,-1,-2,,1,excluded_by_q1
VisualCogA_Task-1,81,700.4609375,702.6796875,702.5796875,marker_minus_100ms,2.12109375,1,2,46.0,0,retained_by_q1
VisualCogA_Task-1,82,708.82421875,711.0390625,710.9390625,marker_minus_100ms,2.1171875,-1,-2,,1,excluded_by_q1
VisualCogA_Task-1,83,717.015625,719.23046875,719.13046875,marker_minus_100ms,2.1171875,1,2,,1,excluded_by_q1
VisualCogA_Task-1,84,725.28125,727.49609375,727.39609375,marker_minus_100ms,2.1171875,-1,-2,47.0,0,retained_by_q1
VisualCogA_Task-1,85,733.55078125,735.765625,735.665625,marker_minus_100ms,2.1171875,1,2,,1,excluded_by_q1
VisualCogA_Task-1,86,741.83203125,744.05078125,743.95078125,marker_minus_100ms,2.12109375,1,2,,1,excluded_by_q1
VisualCogA_Task-1,87,750.3359375,752.55078125,752.45078125,marker_minus_100ms,2.1171875,1,2,,1,excluded_by_q1
VisualCogA_Task-1,88,758.6328125,760.8515625,760.7515625,marker_minus_100ms,2.12109375,1,2,,1,excluded_by_q1
VisualCogA_Task-1,89,766.94921875,769.1640625,769.0640625,marker_minus_100ms,2.1171875,1,2,48.0,0,retained_by_q1
VisualCogA_Task-1,90,775.19921875,777.41796875,777.31796875,marker_minus_100ms,2.12109375,-1,-2,49.0,0,retained_by_q1
VisualCogA_Task-1,91,783.8125,786.02734375,785.92734375,marker_minus_100ms,2.1171875,1,2,50.0,0,retained_by_q1
VisualCogA_Task-1,92,792.015625,794.234375,794.134375,marker_minus_100ms,2.12109375,1,2,,1,excluded_by_q1
VisualCogA_Task-1,93,800.55078125,802.765625,802.665625,marker_minus_100ms,2.1171875,1,2,51.0,0,retained_by_q1
VisualCogA_Task-1,94,809.03515625,811.25390625,811.15390625,marker_minus_100ms,2.12109375,-1,-2,52.0,0,retained_by_q1
VisualCogA_Task-1,95,817.5234375,819.73828125,819.63828125,marker_minus_100ms,2.1171875,1,2,,1,excluded_by_q1
VisualCogA_Task-1,96,825.7109375,827.9296875,827.8296875,marker_minus_100ms,2.12109375,1,2,,1,excluded_by_q1
VisualCogA_Task-1,97,833.85546875,836.0703125,835.9703125,marker_minus_100ms,2.1171875,-1,-2,,1,excluded_by_q1
VisualCogA_Task-1,98,842.26171875,844.48046875,844.38046875,marker_minus_100ms,2.12109375,-1,-2,,1,excluded_by_q1
VisualCogA_Task-1,99,850.84375,853.05859375,852.95859375,marker_minus_100ms,2.1171875,1,2,53.0,0,retained_by_q1
VisualCogA_Task-2,0,20.05078125,22.26953125,22.16953125,marker_minus_100ms,2.12109375,1,-2,0.0,0,retained_by_q1
VisualCogA_Task-2,1,28.9765625,31.19140625,31.09140625,marker_minus_100ms,2.1171875,-1,-2,1.0,0,retained_by_q1
VisualCogA_Task-2,2,38.1953125,40.41015625,40.31015625,marker_minus_100ms,2.1171875,-1,-2,2.0,0,retained_by_q1
VisualCogA_Task-2,3,46.9296875,49.14453125,49.04453125,marker_minus_100ms,2.1171875,-1,-2,3.0,0,retained_by_q1
VisualCogA_Task-2,4,55.68359375,57.8984375,57.7984375,marker_minus_100ms,2.1171875,1,-2,4.0,0,retained_by_q1
VisualCogA_Task-2,5,64.37109375,66.5859375,66.4859375,marker_minus_100ms,2.1171875,-1,2,5.0,0,retained_by_q1
VisualCogA_Task-2,6,72.94921875,75.16796875,75.06796875,marker_minus_100ms,2.12109375,1,-2,6.0,0,retained_by_q1
VisualCogA_Task-2,7,81.5,83.71484375,83.61484375,marker_minus_100ms,2.1171875,1,-2,7.0,0,retained_by_q1
VisualCogA_Task-2,8,90.0625,92.28125,92.18125,marker_minus_100ms,2.12109375,-1,2,8.0,0,retained_by_q1
VisualCogA_Task-2,9,98.97265625,101.1875,101.0875,marker_minus_100ms,2.1171875,-1,-2,9.0,0,retained_by_q1
VisualCogA_Task-2,10,107.55078125,109.765625,109.665625,marker_minus_100ms,2.1171875,1,2,10.0,0,retained_by_q1
VisualCogA_Task-2,11,116.25390625,118.47265625,118.37265625,marker_minus_100ms,2.12109375,1,-2,11.0,0,retained_by_q1
VisualCogA_Task-2,12,124.8828125,127.09765625,126.99765625,marker_minus_100ms,2.1171875,1,-2,12.0,0,retained_by_q1
VisualCogA_Task-2,13,133.4609375,135.6796875,135.5796875,marker_minus_100ms,2.12109375,-1,-2,13.0,0,retained_by_q1
VisualCogA_Task-2,14,142.24609375,144.4609375,144.3609375,marker_minus_100ms,2.1171875,-1,2,14.0,0,retained_by_q1
VisualCogA_Task-2,15,151.16796875,153.38671875,153.28671875,marker_minus_100ms,2.12109375,-1,2,15.0,0,retained_by_q1
VisualCogA_Task-2,16,159.93359375,162.15234375,162.05234375,marker_minus_100ms,2.12109375,1,-2,16.0,0,retained_by_q1
VisualCogA_Task-2,17,168.609375,170.82421875,170.72421875,marker_minus_100ms,2.1171875,1,2,17.0,0,retained_by_q1
VisualCogA_Task-2,18,177.421875,179.640625,179.540625,marker_minus_100ms,2.12109375,-1,2,18.0,0,retained_by_q1
VisualCogA_Task-2,19,185.91015625,188.125,188.025,marker_minus_100ms,2.1171875,-1,2,19.0,0,retained_by_q1
VisualCogA_Task-2,20,194.61328125,196.828125,196.728125,marker_minus_100ms,2.1171875,1,-2,20.0,0,retained_by_q1
VisualCogA_Task-2,21,203.14453125,205.36328125,205.26328125,marker_minus_100ms,2.12109375,-1,-2,21.0,0,retained_by_q1
VisualCogA_Task-2,22,211.8203125,214.03515625,213.93515625,marker_minus_100ms,2.1171875,1,2,,1,excluded_by_q1
VisualCogA_Task-2,23,220.3828125,222.6015625,222.5015625,marker_minus_100ms,2.12109375,1,-2,22.0,0,retained_by_q1
VisualCogA_Task-2,24,229.02734375,231.2421875,231.1421875,marker_minus_100ms,2.1171875,-1,2,23.0,0,retained_by_q1
VisualCogA_Task-2,25,237.48046875,239.69921875,239.59921875,marker_minus_100ms,2.12109375,-1,2,24.0,0,retained_by_q1
VisualCogA_Task-2,26,245.984375,248.19921875,248.09921875,marker_minus_100ms,2.1171875,1,2,25.0,0,retained_by_q1
VisualCogA_Task-2,27,254.61328125,256.828125,256.728125,marker_minus_100ms,2.1171875,1,2,26.0,0,retained_by_q1
VisualCogA_Task-2,28,263.30078125,265.515625,265.415625,marker_minus_100ms,2.1171875,1,2,27.0,0,retained_by_q1
VisualCogA_Task-2,29,272.20703125,274.421875,274.321875,marker_minus_100ms,2.1171875,-1,-2,,1,excluded_by_q1
VisualCogA_Task-2,30,281.01953125,283.23828125,283.13828125,marker_minus_100ms,2.12109375,-1,2,,1,excluded_by_q1
VisualCogA_Task-2,31,289.4921875,291.70703125,291.60703125,marker_minus_100ms,2.1171875,-1,2,28.0,0,retained_by_q1
VisualCogA_Task-2,32,297.8984375,300.1171875,300.0171875,marker_minus_100ms,2.12109375,1,2,,1,excluded_by_q1
VisualCogA_Task-2,33,306.46484375,308.6796875,308.5796875,marker_minus_100ms,2.1171875,-1,-2,,1,excluded_by_q1
VisualCogA_Task-2,34,315.19921875,317.4140625,317.3140625,marker_minus_100ms,2.1171875,-1,-2,,1,excluded_by_q1
VisualCogA_Task-2,35,323.88671875,326.10546875,326.00546875,marker_minus_100ms,2.12109375,1,2,29.0,0,retained_by_q1
VisualCogA_Task-2,36,332.3125,334.52734375,334.42734375,marker_minus_100ms,2.1171875,1,2,30.0,0,retained_by_q1
VisualCogA_Task-2,37,340.90625,343.125,343.025,marker_minus_100ms,2.12109375,-1,2,31.0,0,retained_by_q1
VisualCogA_Task-2,38,349.56640625,351.78515625,351.68515625,marker_minus_100ms,2.12109375,1,2,,1,excluded_by_q1
VisualCogA_Task-2,39,358.42578125,360.64453125,360.54453125,marker_minus_100ms,2.12109375,-1,2,32.0,0,retained_by_q1
VisualCogA_Task-2,40,366.9453125,369.16015625,369.06015625,marker_minus_100ms,2.1171875,-1,-2,,1,excluded_by_q1
VisualCogA_Task-2,41,375.7109375,377.9296875,377.8296875,marker_minus_100ms,2.12109375,-1,-2,33.0,0,retained_by_q1
VisualCogA_Task-2,42,384.27734375,386.4921875,386.3921875,marker_minus_100ms,2.1171875,-1,-2,,1,excluded_by_q1
VisualCogA_Task-2,43,392.85546875,395.07421875,394.97421875,marker_minus_100ms,2.12109375,-1,2,34.0,0,retained_by_q1
VisualCogA_Task-2,44,401.73046875,403.94921875,403.84921875,marker_minus_100ms,2.12109375,-1,2,,1,excluded_by_q1
VisualCogA_Task-2,45,410.171875,412.390625,412.290625,marker_minus_100ms,2.12109375,-1,-2,35.0,0,retained_by_q1
VisualCogA_Task-2,46,418.75390625,420.96875,420.86875,marker_minus_100ms,2.1171875,-1,2,36.0,0,retained_by_q1
VisualCogA_Task-2,47,427.20703125,429.42578125,429.32578125,marker_minus_100ms,2.12109375,-1,-2,37.0,0,retained_by_q1
VisualCogA_Task-2,48,435.94140625,438.16015625,438.06015625,marker_minus_100ms,2.12109375,1,-2,38.0,0,retained_by_q1
VisualCogA_Task-2,49,444.6796875,446.8984375,446.7984375,marker_minus_100ms,2.12109375,1,-2,39.0,0,retained_by_q1
VisualCogA_Task-2,50,453.40234375,455.6171875,455.5171875,marker_minus_100ms,2.1171875,-1,2,,1,excluded_by_q1
VisualCogA_Task-2,51,462.08984375,464.3046875,464.2046875,marker_minus_100ms,2.1171875,1,2,40.0,0,retained_by_q1
VisualCogA_Task-2,52,470.48046875,472.69921875,472.59921875,marker_minus_100ms,2.12109375,1,-2,41.0,0,retained_by_q1
VisualCogA_Task-2,53,479.15625,481.37109375,481.27109375,marker_minus_100ms,2.1171875,-1,2,42.0,0,retained_by_q1
VisualCogA_Task-2,54,487.796875,490.015625,489.915625,marker_minus_100ms,2.12109375,-1,2,43.0,0,retained_by_q1
VisualCogA_Task-2,55,496.31640625,498.53125,498.43125,marker_minus_100ms,2.1171875,1,2,44.0,0,retained_by_q1
VisualCogA_Task-2,56,504.98828125,507.20703125,507.10703125,marker_minus_100ms,2.12109375,1,-2,45.0,0,retained_by_q1
VisualCogA_Task-2,57,513.6796875,515.89453125,515.79453125,marker_minus_100ms,2.1171875,1,2,46.0,0,retained_by_q1
VisualCogA_Task-2,58,522.4140625,524.6328125,524.5328125,marker_minus_100ms,2.12109375,1,-2,47.0,0,retained_by_q1
VisualCogA_Task-2,59,531.1171875,533.3359375,533.2359375,marker_minus_100ms,2.12109375,1,-2,,1,excluded_by_q1
VisualCogA_Task-2,60,539.85546875,542.0703125,541.9703125,marker_minus_100ms,2.1171875,-1,2,48.0,0,retained_by_q1
VisualCogA_Task-2,61,548.60546875,550.82421875,550.72421875,marker_minus_100ms,2.12109375,1,-2,,1,excluded_by_q1
VisualCogA_Task-2,62,557.140625,559.35546875,559.25546875,marker_minus_100ms,2.1171875,-1,2,,1,excluded_by_q1
VisualCogA_Task-2,63,565.734375,567.953125,567.853125,marker_minus_100ms,2.12109375,-1,-2,49.0,0,retained_by_q1
VisualCogA_Task-2,64,574.31640625,576.53125,576.43125,marker_minus_100ms,2.1171875,1,2,50.0,0,retained_by_q1
VisualCogA_Task-2,65,582.81640625,585.03515625,584.93515625,marker_minus_100ms,2.12109375,-1,-2,51.0,0,retained_by_q1
VisualCogA_Task-2,66,591.3515625,593.56640625,593.46640625,marker_minus_100ms,2.1171875,1,2,52.0,0,retained_by_q1
VisualCogA_Task-2,67,599.8515625,602.06640625,601.96640625,marker_minus_100ms,2.1171875,1,-2,,1,excluded_by_q1
VisualCogA_Task-2,68,608.6015625,610.8203125,610.7203125,marker_minus_100ms,2.12109375,-1,-2,53.0,0,retained_by_q1
VisualCogA_Task-2,69,617.38671875,619.6015625,619.5015625,marker_minus_100ms,2.1171875,-1,-2,54.0,0,retained_by_q1
VisualCogA_Task-2,70,625.94921875,628.16796875,628.06796875,marker_minus_100ms,2.12109375,1,-2,55.0,0,retained_by_q1
VisualCogA_Task-2,71,634.421875,636.63671875,636.53671875,marker_minus_100ms,2.1171875,1,-2,56.0,0,retained_by_q1
VisualCogA_Task-2,72,642.8125,645.02734375,644.92734375,marker_minus_100ms,2.1171875,1,2,57.0,0,retained_by_q1
VisualCogA_Task-2,73,651.51953125,653.734375,653.634375,marker_minus_100ms,2.1171875,1,-2,58.0,0,retained_by_q1
VisualCogA_Task-2,74,660.17578125,662.390625,662.290625,marker_minus_100ms,2.1171875,-1,2,59.0,0,retained_by_q1
VisualCogA_Task-2,75,668.69140625,670.91015625,670.81015625,marker_minus_100ms,2.12109375,-1,-2,60.0,0,retained_by_q1
VisualCogA_Task-2,76,677.5078125,679.72265625,679.62265625,marker_minus_100ms,2.1171875,-1,2,61.0,0,retained_by_q1
VisualCogA_Task-2,77,686.0078125,688.2265625,688.1265625,marker_minus_100ms,2.12109375,1,2,,1,excluded_by_q1
VisualCogA_Task-2,78,694.85546875,697.0703125,696.9703125,marker_minus_100ms,2.1171875,-1,2,62.0,0,retained_by_q1
VisualCogA_Task-2,79,703.30859375,705.5234375,705.4234375,marker_minus_100ms,2.1171875,1,-2,,1,excluded_by_q1
VisualCogA_Task-2,80,712.08984375,714.30859375,714.20859375,marker_minus_100ms,2.12109375,-1,2,63.0,0,retained_by_q1
VisualCogA_Task-2,81,720.671875,722.88671875,722.78671875,marker_minus_100ms,2.1171875,1,-2,64.0,0,retained_by_q1
VisualCogA_Task-2,82,729.375,731.59375,731.49375,marker_minus_100ms,2.12109375,1,2,65.0,0,retained_by_q1
VisualCogA_Task-2,83,737.98828125,740.203125,740.103125,marker_minus_100ms,2.1171875,-1,2,66.0,0,retained_by_q1
VisualCogA_Task-2,84,746.51953125,748.73828125,748.63828125,marker_minus_100ms,2.12109375,1,2,67.0,0,retained_by_q1
VisualCogA_Task-2,85,755.1640625,757.37890625,757.27890625,marker_minus_100ms,2.1171875,-1,-2,,1,excluded_by_q1
VisualCogA_Task-2,86,763.5546875,765.7734375,765.6734375,marker_minus_100ms,2.12109375,-1,-2,68.0,0,retained_by_q1
VisualCogA_Task-2,87,772.15234375,774.3671875,774.2671875,marker_minus_100ms,2.1171875,1,2,69.0,0,retained_by_q1
VisualCogA_Task-2,88,780.48046875,782.69921875,782.59921875,marker_minus_100ms,2.12109375,-1,2,70.0,0,retained_by_q1
VisualCogA_Task-2,89,789.0625,791.27734375,791.17734375,marker_minus_100ms,2.1171875,-1,-2,71.0,0,retained_by_q1
VisualCogA_Task-2,90,798.0625,800.27734375,800.17734375,marker_minus_100ms,2.1171875,-1,2,72.0,0,retained_by_q1
VisualCogA_Task-2,91,806.640625,808.859375,808.759375,marker_minus_100ms,2.12109375,-1,-2,73.0,0,retained_by_q1
VisualCogA_Task-2,92,815.42578125,817.640625,817.540625,marker_minus_100ms,2.1171875,1,2,74.0,0,retained_by_q1
VisualCogA_Task-2,93,823.92578125,826.14453125,826.04453125,marker_minus_100ms,2.12109375,-1,2,,1,excluded_by_q1
VisualCogA_Task-2,94,832.6171875,834.83203125,834.73203125,marker_minus_100ms,2.1171875,-1,2,75.0,0,retained_by_q1
VisualCogA_Task-2,95,841.1171875,843.3359375,843.2359375,marker_minus_100ms,2.12109375,-1,2,76.0,0,retained_by_q1
VisualCogA_Task-2,96,849.74609375,851.9609375,851.8609375,marker_minus_100ms,2.1171875,-1,-2,77.0,0,retained_by_q1
VisualCogA_Task-2,97,858.26171875,860.4765625,860.3765625,marker_minus_100ms,2.1171875,-1,-2,78.0,0,retained_by_q1
VisualCogA_Task-2,98,866.8125,869.02734375,868.92734375,marker_minus_100ms,2.1171875,-1,2,79.0,0,retained_by_q1
VisualCogA_Task-2,99,875.375,877.58984375,877.48984375,marker_minus_100ms,2.1171875,-1,-2,,1,excluded_by_q1
VisualCogB_Task-1,0,20.1328125,22.3671875,22.2671875,marker_minus_100ms,2.13671875,-1,-2,0.0,0,retained_by_q1
VisualCogB_Task-1,1,29.2421875,31.4609375,31.3609375,marker_minus_100ms,2.12109375,-1,-2,1.0,0,retained_by_q1
VisualCogB_Task-1,2,37.68359375,39.8984375,39.7984375,marker_minus_100ms,2.1171875,1,2,2.0,0,retained_by_q1
VisualCogB_Task-1,3,46.0,48.21484375,48.11484375,marker_minus_100ms,2.1171875,-1,-2,3.0,0,retained_by_q1
VisualCogB_Task-1,4,54.25,56.46484375,56.36484375,marker_minus_100ms,2.1171875,1,2,4.0,0,retained_by_q1
VisualCogB_Task-1,5,62.69140625,64.90625,64.80625,marker_minus_100ms,2.1171875,1,2,,1,excluded_by_q1
VisualCogB_Task-1,6,71.22265625,73.4375,73.3375,marker_minus_100ms,2.1171875,1,2,5.0,0,retained_by_q1
VisualCogB_Task-1,7,79.6015625,81.81640625,81.71640625,marker_minus_100ms,2.1171875,-1,-2,6.0,0,retained_by_q1
VisualCogB_Task-1,8,87.8046875,90.0234375,89.9234375,marker_minus_100ms,2.12109375,-1,-2,7.0,0,retained_by_q1
VisualCogB_Task-1,9,96.8046875,99.0234375,98.9234375,marker_minus_100ms,2.12109375,-1,-2,8.0,0,retained_by_q1
VisualCogB_Task-1,10,105.32421875,107.5390625,107.4390625,marker_minus_100ms,2.1171875,1,2,9.0,0,retained_by_q1
VisualCogB_Task-1,11,113.68359375,115.90234375,115.80234375,marker_minus_100ms,2.12109375,-1,-2,10.0,0,retained_by_q1
VisualCogB_Task-1,12,122.015625,124.234375,124.134375,marker_minus_100ms,2.12109375,1,2,11.0,0,retained_by_q1
VisualCogB_Task-1,13,130.3125,132.53125,132.43125,marker_minus_100ms,2.12109375,1,2,,1,excluded_by_q1
VisualCogB_Task-1,14,138.87890625,141.09375,140.99375,marker_minus_100ms,2.1171875,-1,-2,12.0,0,retained_by_q1
VisualCogB_Task-1,15,147.1328125,149.34765625,149.24765625,marker_minus_100ms,2.1171875,1,2,13.0,0,retained_by_q1
VisualCogB_Task-1,16,155.4609375,157.67578125,157.57578125,marker_minus_100ms,2.1171875,-1,-2,14.0,0,retained_by_q1
VisualCogB_Task-1,17,163.66796875,165.8828125,165.7828125,marker_minus_100ms,2.1171875,-1,-2,15.0,0,retained_by_q1
VisualCogB_Task-1,18,172.08984375,174.30859375,174.20859375,marker_minus_100ms,2.12109375,1,2,16.0,0,retained_by_q1
VisualCogB_Task-1,19,180.34375,182.55859375,182.45859375,marker_minus_100ms,2.1171875,-1,-2,17.0,0,retained_by_q1
VisualCogB_Task-1,20,188.6875,190.90625,190.80625,marker_minus_100ms,2.12109375,1,2,18.0,0,retained_by_q1
VisualCogB_Task-1,21,197.11328125,199.328125,199.228125,marker_minus_100ms,2.1171875,1,2,19.0,0,retained_by_q1
VisualCogB_Task-1,22,205.53515625,207.75390625,207.65390625,marker_minus_100ms,2.12109375,1,2,,1,excluded_by_q1
VisualCogB_Task-1,23,213.9140625,216.12890625,216.02890625,marker_minus_100ms,2.1171875,1,2,20.0,0,retained_by_q1
VisualCogB_Task-1,24,222.1953125,224.4140625,224.3140625,marker_minus_100ms,2.12109375,1,2,,1,excluded_by_q1
VisualCogB_Task-1,25,230.37109375,232.58984375,232.48984375,marker_minus_100ms,2.12109375,1,2,21.0,0,retained_by_q1
VisualCogB_Task-1,26,238.5625,240.77734375,240.67734375,marker_minus_100ms,2.1171875,1,2,22.0,0,retained_by_q1
VisualCogB_Task-1,27,246.78125,249.0,248.9,marker_minus_100ms,2.12109375,1,2,23.0,0,retained_by_q1
VisualCogB_Task-1,28,255.33203125,257.546875,257.446875,marker_minus_100ms,2.1171875,1,2,24.0,0,retained_by_q1
VisualCogB_Task-1,29,263.62890625,265.84765625,265.74765625,marker_minus_100ms,2.12109375,-1,-2,25.0,0,retained_by_q1
VisualCogB_Task-1,30,272.2421875,274.45703125,274.35703125,marker_minus_100ms,2.1171875,1,2,26.0,0,retained_by_q1
VisualCogB_Task-1,31,280.5546875,282.76953125,282.66953125,marker_minus_100ms,2.1171875,-1,-2,27.0,0,retained_by_q1
VisualCogB_Task-1,32,288.65234375,290.8671875,290.7671875,marker_minus_100ms,2.1171875,-1,-2,28.0,0,retained_by_q1
VisualCogB_Task-1,33,297.01171875,299.23046875,299.13046875,marker_minus_100ms,2.12109375,1,2,29.0,0,retained_by_q1
VisualCogB_Task-1,34,305.421875,307.63671875,307.53671875,marker_minus_100ms,2.1171875,-1,-2,30.0,0,retained_by_q1
VisualCogB_Task-1,35,313.828125,316.046875,315.946875,marker_minus_100ms,2.12109375,-1,-2,,1,excluded_by_q1
VisualCogB_Task-1,36,321.98828125,324.203125,324.103125,marker_minus_100ms,2.1171875,-1,-2,31.0,0,retained_by_q1
VisualCogB_Task-1,37,330.66015625,332.87890625,332.77890625,marker_minus_100ms,2.12109375,-1,-2,32.0,0,retained_by_q1
VisualCogB_Task-1,38,339.0234375,341.23828125,341.13828125,marker_minus_100ms,2.1171875,1,2,33.0,0,retained_by_q1
VisualCogB_Task-1,39,347.3671875,349.5859375,349.4859375,marker_minus_100ms,2.12109375,1,2,34.0,0,retained_by_q1
VisualCogB_Task-1,40,355.82421875,358.0390625,357.9390625,marker_minus_100ms,2.1171875,-1,-2,35.0,0,retained_by_q1
VisualCogB_Task-1,41,364.02734375,366.24609375,366.14609375,marker_minus_100ms,2.12109375,1,2,36.0,0,retained_by_q1
VisualCogB_Task-1,42,372.421875,374.640625,374.540625,marker_minus_100ms,2.12109375,1,2,37.0,0,retained_by_q1
VisualCogB_Task-1,43,380.69140625,382.90625,382.80625,marker_minus_100ms,2.1171875,1,2,38.0,0,retained_by_q1
VisualCogB_Task-1,44,389.47265625,391.69140625,391.59140625,marker_minus_100ms,2.12109375,1,2,39.0,0,retained_by_q1
VisualCogB_Task-1,45,398.4296875,400.64453125,400.54453125,marker_minus_100ms,2.1171875,-1,-2,,1,excluded_by_q1
VisualCogB_Task-1,46,407.0234375,409.23828125,409.13828125,marker_minus_100ms,2.1171875,-1,-2,,1,excluded_by_q1
VisualCogB_Task-1,47,415.2109375,417.4296875,417.3296875,marker_minus_100ms,2.12109375,1,2,40.0,0,retained_by_q1
VisualCogB_Task-1,48,423.41796875,425.6328125,425.5328125,marker_minus_100ms,2.1171875,1,-2,41.0,0,retained_by_q1
VisualCogB_Task-1,49,431.90625,434.12109375,434.02109375,marker_minus_100ms,2.1171875,-1,-2,42.0,0,retained_by_q1
VisualCogB_Task-1,50,440.0625,442.28125,442.18125,marker_minus_100ms,2.12109375,1,2,43.0,0,retained_by_q1
VisualCogB_Task-1,51,448.26953125,450.484375,450.384375,marker_minus_100ms,2.1171875,-1,-2,44.0,0,retained_by_q1
VisualCogB_Task-1,52,456.62890625,458.84765625,458.74765625,marker_minus_100ms,2.12109375,1,2,45.0,0,retained_by_q1
VisualCogB_Task-1,53,464.7578125,466.97265625,466.87265625,marker_minus_100ms,2.1171875,-1,-2,,1,excluded_by_q1
VisualCogB_Task-1,54,472.91796875,475.1328125,475.0328125,marker_minus_100ms,2.1171875,1,2,46.0,0,retained_by_q1
VisualCogB_Task-1,55,481.29296875,483.5078125,483.4078125,marker_minus_100ms,2.1171875,-1,-2,47.0,0,retained_by_q1
VisualCogB_Task-1,56,489.46875,491.68359375,491.58359375,marker_minus_100ms,2.1171875,1,2,48.0,0,retained_by_q1
VisualCogB_Task-1,57,497.703125,499.921875,499.821875,marker_minus_100ms,2.12109375,1,2,,1,excluded_by_q1
VisualCogB_Task-1,58,505.95703125,508.171875,508.071875,marker_minus_100ms,2.1171875,1,2,49.0,0,retained_by_q1
VisualCogB_Task-1,59,514.36328125,516.58203125,516.48203125,marker_minus_100ms,2.12109375,1,2,50.0,0,retained_by_q1
VisualCogB_Task-1,60,522.6953125,524.91015625,524.81015625,marker_minus_100ms,2.1171875,-1,-2,51.0,0,retained_by_q1
VisualCogB_Task-1,61,531.3828125,533.6015625,533.5015625,marker_minus_100ms,2.12109375,-1,-2,52.0,0,retained_by_q1
VisualCogB_Task-1,62,539.82421875,542.0390625,541.9390625,marker_minus_100ms,2.1171875,1,2,,1,excluded_by_q1
VisualCogB_Task-1,63,548.18359375,550.40234375,550.30234375,marker_minus_100ms,2.12109375,-1,-2,53.0,0,retained_by_q1
VisualCogB_Task-1,64,556.4375,558.65234375,558.55234375,marker_minus_100ms,2.1171875,-1,-2,54.0,0,retained_by_q1
VisualCogB_Task-1,65,564.859375,567.078125,566.978125,marker_minus_100ms,2.12109375,-1,-2,,1,excluded_by_q1
VisualCogB_Task-1,66,572.97265625,575.1875,575.0875,marker_minus_100ms,2.1171875,1,2,55.0,0,retained_by_q1
VisualCogB_Task-1,67,581.1484375,583.36328125,583.26328125,marker_minus_100ms,2.1171875,1,2,56.0,0,retained_by_q1
VisualCogB_Task-1,68,589.6796875,591.89453125,591.79453125,marker_minus_100ms,2.1171875,-1,-2,57.0,0,retained_by_q1
VisualCogB_Task-1,69,597.96484375,600.1796875,600.0796875,marker_minus_100ms,2.1171875,-1,-2,58.0,0,retained_by_q1
VisualCogB_Task-1,70,606.24609375,608.46484375,608.36484375,marker_minus_100ms,2.12109375,1,2,,1,excluded_by_q1
VisualCogB_Task-1,71,614.421875,616.63671875,616.53671875,marker_minus_100ms,2.1171875,1,2,59.0,0,retained_by_q1
VisualCogB_Task-1,72,622.625,624.84375,624.74375,marker_minus_100ms,2.12109375,-1,-2,60.0,0,retained_by_q1
VisualCogB_Task-1,73,630.91015625,633.125,633.025,marker_minus_100ms,2.1171875,-1,-2,61.0,0,retained_by_q1
VisualCogB_Task-1,74,639.3671875,641.58203125,641.48203125,marker_minus_100ms,2.1171875,1,2,62.0,0,retained_by_q1
VisualCogB_Task-1,75,647.7109375,649.92578125,649.82578125,marker_minus_100ms,2.1171875,-1,-2,63.0,0,retained_by_q1
VisualCogB_Task-1,76,656.1796875,658.3984375,658.2984375,marker_minus_100ms,2.12109375,-1,-2,64.0,0,retained_by_q1
VisualCogB_Task-1,77,664.60546875,666.8203125,666.7203125,marker_minus_100ms,2.1171875,-1,-2,,1,excluded_by_q1
VisualCogB_Task-1,78,672.96484375,675.18359375,675.08359375,marker_minus_100ms,2.12109375,1,2,65.0,0,retained_by_q1
VisualCogB_Task-1,79,681.3125,683.52734375,683.42734375,marker_minus_100ms,2.1171875,-1,-2,66.0,0,retained_by_q1
VisualCogB_Task-1,80,689.58203125,691.796875,691.696875,marker_minus_100ms,2.1171875,-1,-2,67.0,0,retained_by_q1
VisualCogB_Task-1,81,698.06640625,700.28515625,700.18515625,marker_minus_100ms,2.12109375,1,2,68.0,0,retained_by_q1
VisualCogB_Task-1,82,706.4296875,708.64453125,708.54453125,marker_minus_100ms,2.1171875,-1,-2,69.0,0,retained_by_q1
VisualCogB_Task-1,83,714.9296875,717.1484375,717.0484375,marker_minus_100ms,2.12109375,-1,-2,70.0,0,retained_by_q1
VisualCogB_Task-1,84,723.13671875,725.3515625,725.2515625,marker_minus_100ms,2.1171875,1,2,,1,excluded_by_q1
VisualCogB_Task-1,85,731.51171875,733.73046875,733.63046875,marker_minus_100ms,2.12109375,-1,-2,71.0,0,retained_by_q1
VisualCogB_Task-1,86,739.71875,741.93359375,741.83359375,marker_minus_100ms,2.1171875,-1,2,72.0,0,retained_by_q1
VisualCogB_Task-1,87,748.5,750.71484375,750.61484375,marker_minus_100ms,2.1171875,1,2,,1,excluded_by_q1
VisualCogB_Task-1,88,756.94140625,759.15625,759.05625,marker_minus_100ms,2.1171875,-1,-2,73.0,0,retained_by_q1
VisualCogB_Task-1,89,765.12890625,767.34765625,767.24765625,marker_minus_100ms,2.12109375,-1,-2,74.0,0,retained_by_q1
VisualCogB_Task-1,90,773.5078125,775.72265625,775.62265625,marker_minus_100ms,2.1171875,1,2,75.0,0,retained_by_q1
VisualCogB_Task-1,91,781.7734375,783.9921875,783.8921875,marker_minus_100ms,2.12109375,1,2,,1,excluded_by_q1
VisualCogB_Task-1,92,790.07421875,792.2890625,792.1890625,marker_minus_100ms,2.1171875,-1,-2,76.0,0,retained_by_q1
VisualCogB_Task-1,93,798.30859375,800.52734375,800.42734375,marker_minus_100ms,2.12109375,1,2,77.0,0,retained_by_q1
VisualCogB_Task-1,94,806.625,808.83984375,808.73984375,marker_minus_100ms,2.1171875,-1,-2,78.0,0,retained_by_q1
VisualCogB_Task-1,95,814.67578125,816.890625,816.790625,marker_minus_100ms,2.1171875,1,2,79.0,0,retained_by_q1
VisualCogB_Task-1,96,822.86328125,825.08203125,824.98203125,marker_minus_100ms,2.12109375,-1,-2,,1,excluded_by_q1
VisualCogB_Task-1,97,831.2734375,833.48828125,833.38828125,marker_minus_100ms,2.1171875,1,2,80.0,0,retained_by_q1
VisualCogB_Task-1,98,839.6953125,841.9140625,841.8140625,marker_minus_100ms,2.12109375,1,2,81.0,0,retained_by_q1
VisualCogB_Task-1,99,847.90234375,850.1171875,850.0171875,marker_minus_100ms,2.1171875,1,2,82.0,0,retained_by_q1
VisualCogB_Task-2,0,20.0546875,22.2734375,22.1734375,marker_minus_100ms,2.12109375,-1,2,0.0,0,retained_by_q1
VisualCogB_Task-2,1,28.69921875,30.9140625,30.8140625,marker_minus_100ms,2.1171875,-1,-2,,1,excluded_by_q1
VisualCogB_Task-2,2,37.54296875,39.76171875,39.66171875,marker_minus_100ms,2.12109375,-1,-2,1.0,0,retained_by_q1
VisualCogB_Task-2,3,46.37109375,48.58984375,48.48984375,marker_minus_100ms,2.12109375,1,2,2.0,0,retained_by_q1
VisualCogB_Task-2,4,54.671875,56.890625,56.790625,marker_minus_100ms,2.12109375,-1,-2,3.0,0,retained_by_q1
VisualCogB_Task-2,5,63.12890625,65.34375,65.24375,marker_minus_100ms,2.1171875,1,-2,4.0,0,retained_by_q1
VisualCogB_Task-2,6,71.56640625,73.78515625,73.68515625,marker_minus_100ms,2.12109375,1,2,,1,excluded_by_q1
VisualCogB_Task-2,7,80.0703125,82.28515625,82.18515625,marker_minus_100ms,2.1171875,1,2,5.0,0,retained_by_q1
VisualCogB_Task-2,8,88.3984375,90.61328125,90.51328125,marker_minus_100ms,2.1171875,1,2,6.0,0,retained_by_q1
VisualCogB_Task-2,9,96.71484375,98.9296875,98.8296875,marker_minus_100ms,2.1171875,-1,2,,1,excluded_by_q1
VisualCogB_Task-2,10,105.18359375,107.3984375,107.2984375,marker_minus_100ms,2.1171875,1,2,7.0,0,retained_by_q1
VisualCogB_Task-2,11,113.79296875,116.01171875,115.91171875,marker_minus_100ms,2.12109375,1,-2,8.0,0,retained_by_q1
VisualCogB_Task-2,12,122.546875,124.76171875,124.66171875,marker_minus_100ms,2.1171875,1,2,9.0,0,retained_by_q1
VisualCogB_Task-2,13,131.15625,133.375,133.275,marker_minus_100ms,2.12109375,1,-2,,1,excluded_by_q1
VisualCogB_Task-2,14,139.87890625,142.09375,141.99375,marker_minus_100ms,2.1171875,1,-2,,1,excluded_by_q1
VisualCogB_Task-2,15,148.56640625,150.78515625,150.68515625,marker_minus_100ms,2.12109375,1,2,,1,excluded_by_q1
VisualCogB_Task-2,16,157.0234375,159.23828125,159.13828125,marker_minus_100ms,2.1171875,-1,-2,10.0,0,retained_by_q1
VisualCogB_Task-2,17,165.5390625,167.7578125,167.6578125,marker_minus_100ms,2.12109375,1,-2,11.0,0,retained_by_q1
VisualCogB_Task-2,18,174.23046875,176.4453125,176.3453125,marker_minus_100ms,2.1171875,1,2,12.0,0,retained_by_q1
VisualCogB_Task-2,19,182.85546875,185.0703125,184.9703125,marker_minus_100ms,2.1171875,-1,2,,1,excluded_by_q1
VisualCogB_Task-2,20,191.41796875,193.63671875,193.53671875,marker_minus_100ms,2.12109375,1,2,13.0,0,retained_by_q1
VisualCogB_Task-2,21,199.765625,201.98046875,201.88046875,marker_minus_100ms,2.1171875,1,-2,14.0,0,retained_by_q1
VisualCogB_Task-2,22,208.359375,210.578125,210.478125,marker_minus_100ms,2.12109375,-1,-2,,1,excluded_by_q1
VisualCogB_Task-2,23,216.76953125,218.984375,218.884375,marker_minus_100ms,2.1171875,-1,2,15.0,0,retained_by_q1
VisualCogB_Task-2,24,225.36328125,227.58203125,227.48203125,marker_minus_100ms,2.12109375,-1,-2,16.0,0,retained_by_q1
VisualCogB_Task-2,25,233.8984375,236.11328125,236.01328125,marker_minus_100ms,2.1171875,1,2,17.0,0,retained_by_q1
VisualCogB_Task-2,26,242.4609375,244.6796875,244.5796875,marker_minus_100ms,2.12109375,-1,2,18.0,0,retained_by_q1
VisualCogB_Task-2,27,251.15234375,253.3671875,253.2671875,marker_minus_100ms,2.1171875,-1,2,19.0,0,retained_by_q1
VisualCogB_Task-2,28,259.55859375,261.77734375,261.67734375,marker_minus_100ms,2.12109375,-1,-2,20.0,0,retained_by_q1
VisualCogB_Task-2,29,268.09375,270.30859375,270.20859375,marker_minus_100ms,2.1171875,1,-2,21.0,0,retained_by_q1
VisualCogB_Task-2,30,276.734375,278.953125,278.853125,marker_minus_100ms,2.12109375,1,2,22.0,0,retained_by_q1
VisualCogB_Task-2,31,285.33203125,287.546875,287.446875,marker_minus_100ms,2.1171875,1,2,23.0,0,retained_by_q1
VisualCogB_Task-2,32,293.70703125,295.92578125,295.82578125,marker_minus_100ms,2.12109375,1,-2,24.0,0,retained_by_q1
VisualCogB_Task-2,33,302.22265625,304.44140625,304.34140625,marker_minus_100ms,2.12109375,1,-2,25.0,0,retained_by_q1
VisualCogB_Task-2,34,310.8046875,313.0234375,312.9234375,marker_minus_100ms,2.12109375,-1,2,26.0,0,retained_by_q1
VisualCogB_Task-2,35,319.46484375,321.6796875,321.5796875,marker_minus_100ms,2.1171875,1,2,27.0,0,retained_by_q1
VisualCogB_Task-2,36,327.96484375,330.18359375,330.08359375,marker_minus_100ms,2.12109375,-1,-2,28.0,0,retained_by_q1
VisualCogB_Task-2,37,336.58984375,338.80859375,338.70859375,marker_minus_100ms,2.12109375,-1,2,29.0,0,retained_by_q1
VisualCogB_Task-2,38,345.359375,347.57421875,347.47421875,marker_minus_100ms,2.1171875,1,-2,30.0,0,retained_by_q1
VisualCogB_Task-2,39,354.0625,356.28125,356.18125,marker_minus_100ms,2.12109375,1,-2,31.0,0,retained_by_q1
VisualCogB_Task-2,40,362.56640625,364.78125,364.68125,marker_minus_100ms,2.1171875,1,2,32.0,0,retained_by_q1
VisualCogB_Task-2,41,371.00390625,373.22265625,373.12265625,marker_minus_100ms,2.12109375,-1,-2,33.0,0,retained_by_q1
VisualCogB_Task-2,42,379.4609375,381.67578125,381.57578125,marker_minus_100ms,2.1171875,-1,-2,,1,excluded_by_q1
VisualCogB_Task-2,43,387.7421875,389.9609375,389.8609375,marker_minus_100ms,2.12109375,1,-2,34.0,0,retained_by_q1
VisualCogB_Task-2,44,396.4765625,398.6953125,398.5953125,marker_minus_100ms,2.12109375,-1,2,35.0,0,retained_by_q1
VisualCogB_Task-2,45,404.98046875,407.1953125,407.0953125,marker_minus_100ms,2.1171875,-1,2,36.0,0,retained_by_q1
VisualCogB_Task-2,46,413.40234375,415.62109375,415.52109375,marker_minus_100ms,2.12109375,1,-2,37.0,0,retained_by_q1
VisualCogB_Task-2,47,422.03125,424.24609375,424.14609375,marker_minus_100ms,2.1171875,-1,-2,38.0,0,retained_by_q1
VisualCogB_Task-2,48,430.83203125,433.046875,432.946875,marker_minus_100ms,2.1171875,1,2,39.0,0,retained_by_q1
VisualCogB_Task-2,49,439.39453125,441.61328125,441.51328125,marker_minus_100ms,2.12109375,-1,-2,,1,excluded_by_q1
VisualCogB_Task-2,50,448.00390625,450.22265625,450.12265625,marker_minus_100ms,2.12109375,-1,2,40.0,0,retained_by_q1
VisualCogB_Task-2,51,456.6328125,458.84765625,458.74765625,marker_minus_100ms,2.1171875,-1,-2,41.0,0,retained_by_q1
VisualCogB_Task-2,52,465.2265625,467.4453125,467.3453125,marker_minus_100ms,2.12109375,1,2,42.0,0,retained_by_q1
VisualCogB_Task-2,53,473.62109375,475.8359375,475.7359375,marker_minus_100ms,2.1171875,1,-2,,1,excluded_by_q1
VisualCogB_Task-2,54,482.33984375,484.55859375,484.45859375,marker_minus_100ms,2.12109375,1,2,43.0,0,retained_by_q1
VisualCogB_Task-2,55,490.671875,492.88671875,492.78671875,marker_minus_100ms,2.1171875,-1,2,,1,excluded_by_q1
VisualCogB_Task-2,56,499.09375,501.3125,501.2125,marker_minus_100ms,2.12109375,-1,2,,1,excluded_by_q1
VisualCogB_Task-2,57,507.58203125,509.796875,509.696875,marker_minus_100ms,2.1171875,-1,2,44.0,0,retained_by_q1
VisualCogB_Task-2,58,516.12890625,518.34765625,518.24765625,marker_minus_100ms,2.12109375,-1,2,,1,excluded_by_q1
VisualCogB_Task-2,59,524.6796875,526.8984375,526.7984375,marker_minus_100ms,2.12109375,-1,2,45.0,0,retained_by_q1
VisualCogB_Task-2,60,533.1640625,535.3828125,535.2828125,marker_minus_100ms,2.12109375,-1,2,46.0,0,retained_by_q1
VisualCogB_Task-2,61,541.55859375,543.7734375,543.6734375,marker_minus_100ms,2.1171875,1,-2,47.0,0,retained_by_q1
VisualCogB_Task-2,62,550.30859375,552.5234375,552.4234375,marker_minus_100ms,2.1171875,-1,-2,48.0,0,retained_by_q1
VisualCogB_Task-2,63,559.08984375,561.30859375,561.20859375,marker_minus_100ms,2.12109375,-1,-2,49.0,0,retained_by_q1
VisualCogB_Task-2,64,567.546875,569.76171875,569.66171875,marker_minus_100ms,2.1171875,1,-2,50.0,0,retained_by_q1
VisualCogB_Task-2,65,575.984375,578.203125,578.103125,marker_minus_100ms,2.12109375,1,2,,1,excluded_by_q1
VisualCogB_Task-2,66,584.58203125,586.796875,586.696875,marker_minus_100ms,2.1171875,1,-2,51.0,0,retained_by_q1
VisualCogB_Task-2,67,593.06640625,595.28515625,595.18515625,marker_minus_100ms,2.12109375,1,-2,52.0,0,retained_by_q1
VisualCogB_Task-2,68,601.7109375,603.92578125,603.82578125,marker_minus_100ms,2.1171875,-1,2,53.0,0,retained_by_q1
VisualCogB_Task-2,69,610.2890625,612.5078125,612.4078125,marker_minus_100ms,2.12109375,-1,2,54.0,0,retained_by_q1
VisualCogB_Task-2,70,618.68359375,620.90234375,620.80234375,marker_minus_100ms,2.12109375,1,2,55.0,0,retained_by_q1
VisualCogB_Task-2,71,627.40234375,629.62109375,629.52109375,marker_minus_100ms,2.12109375,1,2,56.0,0,retained_by_q1
VisualCogB_Task-2,72,635.828125,638.04296875,637.94296875,marker_minus_100ms,2.1171875,1,2,57.0,0,retained_by_q1
VisualCogB_Task-2,73,644.390625,646.609375,646.509375,marker_minus_100ms,2.12109375,-1,2,58.0,0,retained_by_q1
VisualCogB_Task-2,74,652.97265625,655.19140625,655.09140625,marker_minus_100ms,2.12109375,-1,2,59.0,0,retained_by_q1
VisualCogB_Task-2,75,661.7109375,663.92578125,663.82578125,marker_minus_100ms,2.1171875,1,-2,60.0,0,retained_by_q1
VisualCogB_Task-2,76,670.5703125,672.7890625,672.6890625,marker_minus_100ms,2.12109375,1,-2,61.0,0,retained_by_q1
VisualCogB_Task-2,77,678.91796875,681.1328125,681.0328125,marker_minus_100ms,2.1171875,-1,-2,62.0,0,retained_by_q1
VisualCogB_Task-2,78,687.55859375,689.77734375,689.67734375,marker_minus_100ms,2.12109375,-1,2,,1,excluded_by_q1
VisualCogB_Task-2,79,696.625,698.83984375,698.73984375,marker_minus_100ms,2.1171875,-1,2,63.0,0,retained_by_q1
VisualCogB_Task-2,80,705.25,707.46484375,707.36484375,marker_minus_100ms,2.1171875,1,-2,,1,excluded_by_q1
VisualCogB_Task-2,81,713.75390625,715.96875,715.86875,marker_minus_100ms,2.1171875,-1,-2,,1,excluded_by_q1
VisualCogB_Task-2,82,722.36328125,724.578125,724.478125,marker_minus_100ms,2.1171875,1,-2,64.0,0,retained_by_q1
VisualCogB_Task-2,83,730.95703125,733.17578125,733.07578125,marker_minus_100ms,2.12109375,-1,-2,65.0,0,retained_by_q1
VisualCogB_Task-2,84,739.6015625,741.81640625,741.71640625,marker_minus_100ms,2.1171875,-1,2,,1,excluded_by_q1
VisualCogB_Task-2,85,748.3984375,750.6171875,750.5171875,marker_minus_100ms,2.12109375,1,2,66.0,0,retained_by_q1
VisualCogB_Task-2,86,756.93359375,759.1484375,759.0484375,marker_minus_100ms,2.1171875,-1,2,67.0,0,retained_by_q1
VisualCogB_Task-2,87,765.33984375,767.55859375,767.45859375,marker_minus_100ms,2.12109375,1,2,68.0,0,retained_by_q1
VisualCogB_Task-2,88,773.765625,775.98046875,775.88046875,marker_minus_100ms,2.1171875,-1,-2,69.0,0,retained_by_q1
VisualCogB_Task-2,89,782.28125,784.5,784.4,marker_minus_100ms,2.12109375,1,2,70.0,0,retained_by_q1
VisualCogB_Task-2,90,790.80078125,793.015625,792.915625,marker_minus_100ms,2.1171875,-1,2,,1,excluded_by_q1
VisualCogB_Task-2,91,799.19140625,801.41015625,801.31015625,marker_minus_100ms,2.12109375,-1,-2,71.0,0,retained_by_q1
VisualCogB_Task-2,92,807.8828125,810.09765625,809.99765625,marker_minus_100ms,2.1171875,1,2,72.0,0,retained_by_q1
VisualCogB_Task-2,93,816.2578125,818.4765625,818.3765625,marker_minus_100ms,2.12109375,-1,2,73.0,0,retained_by_q1
VisualCogB_Task-2,94,825.07421875,827.2890625,827.1890625,marker_minus_100ms,2.1171875,1,2,74.0,0,retained_by_q1
VisualCogB_Task-2,95,833.44921875,835.66796875,835.56796875,marker_minus_100ms,2.12109375,1,-2,75.0,0,retained_by_q1
VisualCogB_Task-2,96,842.38671875,844.60546875,844.50546875,marker_minus_100ms,2.12109375,-1,-2,76.0,0,retained_by_q1
VisualCogB_Task-2,97,851.328125,853.546875,853.446875,marker_minus_100ms,2.12109375,-1,-2,77.0,0,retained_by_q1
VisualCogB_Task-2,98,859.953125,862.171875,862.071875,marker_minus_100ms,2.12109375,1,-2,78.0,0,retained_by_q1
VisualCogB_Task-2,99,868.45703125,870.671875,870.571875,marker_minus_100ms,2.1171875,-1,2,79.0,0,retained_by_q1
