任务,时间_ms,条件,电极,任务均值_第一问样条,任务均值_实测ERP,任务模型拟合
任务一,0.0,左提示,F3,-1.9771360514894167,-2.2375426680841954,-0.4992050071113259
任务一,0.0,左提示,Fz,0.12755350707321558,-0.20635356979078548,-0.7628558615498504
任务一,0.0,左提示,F4,-2.3618099467662823,-2.6521280344060525,-0.882620169596927
任务一,0.0,右提示,F3,1.8040627688520519,1.7864534595413715,-0.5301628047484537
任务一,0.0,右提示,Fz,0.9744616030842674,1.8357764561751169,-0.7924353454731475
任务一,0.0,右提示,F4,4.068955076438505,4.729300512801979,-0.9278944258185665
任务一,7.8125,左提示,F3,-2.094906141058465,-2.3468405883417347,-0.7080686346747633
任务一,7.8125,左提示,Fz,0.15453390461679276,0.0018185624277487489,-0.9748052116090453
任务一,7.8125,左提示,F4,-2.486411415893598,-2.6216855137238992,-1.1571595159579267
任务一,7.8125,右提示,F3,1.777610616639902,1.6422547023445286,-0.7319572460356502
任务一,7.8125,右提示,Fz,0.8643221234289526,1.1795712014957669,-1.0105876910565366
任务一,7.8125,右提示,F4,4.262213012810772,4.432504819454228,-1.2302223587246586
任务一,15.625,左提示,F3,-2.1959040111355312,-2.370419238223417,-2.246384598365444
任务一,15.625,左提示,Fz,0.19586444526775243,0.2907437920753042,-2.564861635188649
任务一,15.625,左提示,F4,-2.591264140690046,-2.4205809492130177,-3.226275226435237
任务一,15.625,右提示,F3,1.7479723636031044,1.5608162465026254,-2.2428400106673534
任务一,15.625,右提示,Fz,0.7418298447523268,0.6404987942972356,-2.582419455309621
任务一,15.625,右提示,F4,4.435616115653862,4.428766876246345,-3.282586338938708
任务一,23.4375,左提示,F3,-2.281240214454135,-2.4548665812690724,-5.238731408581475
任务一,23.4375,左提示,Fz,0.25270742248621925,0.4056305582056886,-5.6685940803673445
任务一,23.4375,左提示,F4,-2.677828367616639,-2.2702352352192663,-7.283872624482525
任务一,23.4375,右提示,F3,1.7287382601815962,1.8915213776276993,-5.216892539249971
任务一,23.4375,右提示,Fz,0.6196593100637485,0.6946020229550517,-5.651091629905608
任务一,23.4375,右提示,F4,4.59803870883626,5.033479628606495,-7.261363481434792
任务一,31.25,左提示,F3,-2.352025303747795,-2.6416964752792857,-8.419212776845217
任务一,31.25,左提示,Fz,0.32622512973231743,0.2457104065766924,-8.925958093028036
任务一,31.25,左提示,F4,-2.747564343134388,-2.400553715069246,-11.615494321439058
任务一,31.25,右提示,F3,1.7334985568153192,2.6428999936665933,-8.455201499410562
任务一,31.25,右提示,Fz,0.5104850623725763,1.2494335305447364,-8.916778171461281
任务一,31.25,右提示,F4,4.758355116226445,5.91829900136038,-11.539103039077716
任务一,39.0625,左提示,F3,-2.4093698317500327,-2.8570045072716406,-9.682390094304392
任务一,39.0625,左提示,Fz,0.4175798604661715,-0.025059336696571677,-10.040938180255898
任务一,39.0625,左提示,F4,-2.8019323137043055,-2.7816402133380778,-13.31162330145566
任务一,39.0625,右提示,F3,1.7758435039442109,3.32075404631994,-9.905375302202486
任务一,39.0625,右提示,Fz,0.42698164468816735,1.6917094933996437,-10.168586193046172
任务一,39.0625,右提示,F4,4.925439661692902,6.393056408435276,-13.385764133160848
任务一,46.875,左提示,F3,-2.454384351194364,-2.9978026755022693,-7.660594177504519
任务一,46.875,左提示,Fz,0.5279339081479056,-0.14118790244023272,-7.499677612644051
任务一,46.875,左提示,F4,-2.842392525787403,-3.1733258924171315,-10.433549074190491
任务一,46.875,右提示,F3,1.869363352008211,3.3522270631090287,-8.159119258305557
任务一,46.875,右提示,Fz,0.38182360001988136,1.4646461606546057,-7.912467651005375
任务一,46.875,右提示,F4,5.10816666910411,6.116840494533432,-10.976336855554777
任务一,54.6875,左提示,F3,-2.4881794148143093,-2.929444617446384,-2.890269025625856
任务一,54.6875,左提示,Fz,0.6584495662376447,0.09030823193333984,-1.8978051313377835
任务一,54.6875,左提示,F4,-2.870405225844692,-3.3530325680131194,-3.6771976074650947
任务一,54.6875,右提示,F3,2.027648351447258,2.6894424696761523,-3.594140013676836
任务一,54.6875,右提示,Fz,0.38768547137707676,0.6453950233060031,-2.6271304665465443
任务一,54.6875,右提示,F4,5.315410462328552,5.456235975359352,-4.876717161279409
任务一,62.5,左提示,F3,-2.51186557534339,-2.5313294856656046,2.5645756802762607
任务一,62.5,左提示,Fz,0.8102891281955127,0.70453276662633,4.435875888497547
任务一,62.5,左提示,F4,-2.887430660337187,-3.213750769833275,4.090092394597082
任务一,62.5,右提示,F3,2.264288752701291,1.9153167384723981,1.9169568301158937
任务一,62.5,右提示,Fz,0.45724180176911067,-0.12395193563664808,3.5662170513701863
任务一,62.5,右提示,F4,5.556045365234714,5.06995474640749,2.3996402446218994
任务一,70.3125,左提示,F3,-2.5267565716502114,-1.8953549470835576,6.6072670117362104
任务一,70.3125,左提示,Fz,0.984153219806212,1.5459239964108205,9.113850925086437
任务一,70.3125,左提示,F4,-2.894982814703918,-2.7991846018237467,9.90384656007674
任务一,70.3125,右提示,F3,2.5909028478090455,1.736126200112444,6.376702229163935
任务一,70.3125,右提示,Fz,0.6014148198827709,-0.25557750685431047,8.441016687467366
任务一,70.3125,右提示,F4,5.837826208351011,5.248474480110401,8.229800999365777
任务一,78.125,左提示,F3,-2.536036493112131,-1.3752840210324444,8.286420141567667
任务一,78.125,左提示,Fz,1.1764927656078075,2.2836194253151016,11.045388990288062
任务一,78.125,左提示,F4,-2.8950703475309556,-2.2854140438294213,12.388075698247297
任务一,78.125,右提示,F3,3.000956836899759,2.3425621206000224,8.785862927752982
任务一,78.125,右提示,Fz,0.8149965101673233,0.2738568519639346,10.919128297936004
任务一,78.125,右提示,F4,6.158202764052311,5.761541132136726,11.340819324501737
任务一,85.9375,左提示,F3,-2.5438974216309216,-1.3272397105180844,7.8817275798038064
任务一,85.9375,左提示,Fz,1.3814683883646515,2.6095369032666507,10.555769363425622
任务一,85.9375,左提示,F4,-2.8899685128002126,-1.943813220129348,11.913881131857318
任务一,85.9375,右提示,F3,3.4781341692964,3.263366670151914,9.27959118025046
任务一,85.9375,右提示,Fz,1.0840857455228687,0.9602717900822368,11.205711979369921
任务一,85.9375,右提示,F4,6.509071074792814,6.227054925577205,11.94614141785295
任务一,93.75,左提示,F3,-2.554541209140397,-1.810615063904108,6.235138136942783
任务一,93.75,左提示,Fz,1.5932185119446052,2.4393035704690607,8.625406418227492
任务一,93.75,左提示,F4,-2.881955148486538,-2.022377142382193,9.668954250210136
任务一,93.75,右提示,F3,4.006023474383785,3.8669141666162723,8.547459497639812
任务一,93.75,右提示,Fz,1.3946971403095803,1.289135574422488,10.118652249967791
任务一,93.75,右提示,F4,6.882273353144098,6.45284942148105,10.961038631384035
任务一,101.5625,左提示,F3,-2.572169707574373,-2.5633256771874318,4.114989482762908
任务一,101.5625,左提示,Fz,1.805881560215531,1.9805952877603392,6.152964005364516
任务一,101.5625,左提示,F4,-2.8733080925647787,-2.566402137859228,6.748943366011961
任务一,101.5625,右提示,F3,4.568213381546732,4.015636460293768,7.257911522741014
任务一,101.5625,右提示,Fz,1.7328453088876303,1.2150847862822571,8.432478361652128
任务一,101.5625,右提示,F4,7.269651811677743,6.522557623051079,9.250412279782823
任务一,109.375,左提示,F3,-2.6009847688666645,-3.2626528499433367,1.9716675965807855
任务一,109.375,左提示,Fz,2.013595957045291,1.5385822490489978,3.6655981378237463
任务一,109.375,左提示,F4,-2.8663051830097785,-3.3120078180105557,3.7984797246739372
任务一,109.375,右提示,F3,5.148292520170057,4.112603950861327,5.819286915101525
任务一,109.375,右提示,Fz,2.0845448656171923,1.1322583179082846,6.612404340986428
任务一,109.375,右提示,F4,7.663048662965332,6.670602752070826,7.332575734720341
任务一,117.1875,左提示,F3,-2.64518824495109,-3.719346604320572,0.017464066701507294
任务一,117.1875,左提示,Fz,2.2105001263017483,1.3139374323439055,1.4093828515422633
任务一,117.1875,左提示,F4,-2.8632242577963867,-3.8790919305190004,1.1187444396905037
任务一,117.1875,右提示,F3,5.729849519638582,4.597703954734179,4.4395108559143095
任务一,117.1875,右提示,Fz,2.43581042485844,1.4166436356972125,4.889061977370389
任务一,117.1875,右提示,F4,8.054306119578449,7.06267510974097,5.46787878545672
任务一,125.0,左提示,F3,-2.70898198776146,-3.8254232113399573,-1.6483433195391182
任务一,125.0,左提示,Fz,2.3907324918527646,1.3536802703500703,-0.5041542647706608
任务一,125.0,左提示,F4,-2.866343154899451,-4.011778239033843,-1.1525340414674394
任务一,125.0,右提示,F3,6.296473009337124,5.486327743469633,3.227749136946937
任务一,125.0,右提示,Fz,2.772656600971546,2.0335674743582035,3.379415784398332
任务一,125.0,右提示,F4,8.435266394088671,7.619307532568166,3.7951745461992616
任务一,132.8125,左提示,F3,-2.7965678492315913,-3.5478287710089758,-2.9670892583043846
任务一,132.8125,左提示,Fz,2.548431477566201,1.6586157802848118,-2.010377156897615
任务一,132.8125,左提示,F4,-2.8779397122938146,-3.7285195226018466,-2.934895688739398
任务一,132.8125,右提示,F3,6.831751618650495,6.453546650494314,2.2584998271220287
任务一,132.8125,右提示,Fz,3.0810980083166815,2.635049739207538,2.1616055131940763
任务一,132.8125,右提示,F4,8.79777169906758,8.159925122856421,2.411817178061603
任务一,140.625,左提示,F3,-2.9121476812953024,-3.033632089312204,-3.926659640609509
任务一,140.625,左提示,Fz,2.6777355073099214,2.1781257382799275,-3.0974503499462673
任务一,140.625,左提示,F4,-2.9002917679543305,-3.2326431207524804,-4.211683638990396
任务一,140.625,右提示,F3,7.319273976963522,7.237256173676679,1.5611799237487878
任务一,140.625,右提示,Fz,3.347149261254021,3.0207268147605006,1.2640002124157006
任务一,140.625,右提示,F4,9.13366424708676,8.646540274692454,1.3586241727033168
任务一,148.4375,左提示,F3,-3.0599233358864044,-2.6059691055055056,-4.554251229619989
任务一,148.4375,左提示,Fz,2.7727830049517865,2.76151507828735,-3.797390339144106
任务一,148.4375,左提示,F4,-2.935677159855837,-2.7806203959875884,-5.020809054561315
任务一,148.4375,右提示,F3,7.7426287136610155,7.844716993805539,1.128342768555012
任务一,148.4375,右提示,Fz,3.556824974143738,3.320982867467727,0.6743110922408971
任务一,148.4375,右提示,F4,9.434786250717785,9.174050533578828,0.6283658847964522
任务一,156.25,左提示,F3,-3.2439163815638263,-2.5551802501243706,-4.9125323821882025
任务一,156.25,左提示,Fz,2.8279136191111967,3.156779433746288,-4.182976840390192
任务一,156.25,左提示,F4,-2.9862542538096513,-2.557705116188968,-5.449944539796505
任务一,156.25,右提示,F3,8.08572666810307,8.372787605972537,0.9151743905554597
任务一,156.25,右提示,Fz,3.6964547246068173,3.73640705387524,0.3392615956248505
任务一,156.25,右提示,F4,9.693186806513344,9.756436898041695,0.1663686985664257
任务一,164.0625,左提示,F3,-3.4601240336833445,-2.9068455686023875,-5.063861081909208
任务一,164.0625,左提示,Fz,2.846423445337531,3.238546698238565,-4.32614398379672
任务一,164.0625,左提示,F4,-3.048863749265691,-2.62674368458189,-5.586511657918433
任务一,164.0625,右提示,F3,8.34682013874888,8.900719349115514,0.8756646399083409
任务一,164.0625,右提示,Fz,3.766387000506781,4.317723203235402,0.20498270661678286
任务一,164.0625,右提示,F4,9.910123348386291,10.381373350002862,-0.08371343096344351
任务一,171.875,左提示,F3,-3.6934905918533962,-3.4569766936505424,-5.063006957881953
任务一,171.875,左提示,Fz,2.8439453807648656,3.100849583815892,-4.290686186867276
任务一,171.875,左提示,F4,-3.1130216782798996,-2.871684255101382,-5.506753810912165
任务一,171.875,右提示,F3,8.543915656592421,9.422032406054786,0.9666951134170378
任务一,171.875,右提示,Fz,3.7862802365474257,4.944435116649577,0.2213569598546528
任务一,171.875,右提示,F4,10.099537071100823,11.05822652546535,-0.17346837817738767
任务一,179.6875,左提示,F3,-3.9281548232896695,-3.970841796777108,-4.940038870954801
任务一,179.6875,左提示,Fz,2.837011424042786,2.9710976639896547,-4.111586702384083
任务一,179.6875,左提示,F4,-3.167710253870159,-3.0999206726067365,-5.251912129063407
任务一,179.6875,右提示,F3,8.696459433754747,9.833288843678833,1.1680315979237177
任务一,179.6875,右提示,Fz,3.7772001691832884,5.349378803632785,0.3641517137951762
任务一,179.6875,右提示,F4,10.276293557199075,11.687697910190192,-0.12558589023629063
任务一,187.5,左提示,F3,-4.148255495207854,-4.288998225996778,-4.725462270375289
任务一,187.5,左提示,Fz,2.84215357382088,2.9766306429588543,-3.8243255450399363
任务一,187.5,左提示,F4,-3.2019116890543584,-3.1693280478403496,-4.86408857760477
任务一,187.5,右提示,F3,8.823897682356911,9.964523758436558,1.4548780723399333
任务一,187.5,右提示,Fz,3.7602125348688977,5.295044867782054,0.6049488522207452
任务一,187.5,右提示,F4,10.455258389223184,12.031444146663961,0.03126190972842168
任务一,195.3125,左提示,F3,-4.337931374823639,-4.387966259530058,-4.456440725542143
任务一,195.3125,左提示,Fz,2.8759038287487364,3.092900912066624,-3.470330762721561
任务一,195.3125,左提示,F4,-3.204608196850379,-3.0843811568580106,-4.396291219329111
任务一,195.3125,右提示,F3,8.945676614519963,9.762023415341336,1.7946854972862738
任务一,195.3125,右提示,Fz,3.7563830700587943,4.8018787463504085,0.9083080529038284
任务一,195.3125,右提示,F4,10.651297149715294,11.986198293164737,0.25609752376677253
任务一,203.125,左提示,F3,-4.481321229352711,-4.3871058742106275,-4.193828024823361
任务一,203.125,左提示,Fz,2.954794187475942,3.223462928632458,-3.1179763710743607
任务一,203.125,左提示,F4,-3.1647819902761087,-2.8946593560197824,-3.9356014087356437
任务一,203.125,右提示,F3,9.081242442364957,9.337257590252902,2.1280094733752954
任务一,203.125,右提示,Fz,3.7867775112075095,4.105694093815944,1.2097079212969648
任务一,203.125,右提示,F4,10.879275421217532,11.666340620154335,0.4721356887014454
任务一,210.9375,左提示,F3,-4.5625638260107655,-4.388690483187927,-3.9709203324938693
任务一,210.9375,左提示,Fz,3.0953566486520847,3.391673360468203,-2.8045497233145134
任务一,210.9375,左提示,F4,-3.0714152823494327,-2.6413105731555557,-3.528064590386708
任务一,210.9375,右提示,F3,9.250041378012934,8.937795048482016,2.4250675078444464
任务一,210.9375,右提示,Fz,3.872461594769576,3.4611787759269537,1.4752825309721098
任务一,210.9375,右提示,F4,11.154058786272044,11.2942394555193,0.6391863116706288
任务一,218.75,左提示,F3,-4.565797932013488,-4.348052709903397,-3.7518471482272173
任务一,218.75,左提示,Fz,3.3141232109267538,3.677632610370891,-2.4913329643392066
任务一,218.75,左提示,F4,-2.9134902860882343,-2.3418849181218064,-3.115401188268782
任务一,218.75,右提示,F3,9.47151963358496,8.83727572062147,2.7272037439534293
任务一,218.75,右提示,Fz,4.034501057199532,3.1363281437482105,1.7442239870873293
任务一,218.75,右提示,F4,11.490512827420968,11.109102887562036,0.8091911102054741
任务一,226.5625,左提示,F3,-4.475162314576568,-4.213501303017043,-3.4082766355263057
任务一,226.5625,左提示,Fz,3.6276258729495368,4.070253525215693,-2.0345527234761223
任务一,226.5625,左提示,F4,-2.679989214510404,-2.0987382361533156,-2.5030272284022286
任务一,226.5625,右提示,F3,9.76512342120208,9.241587938921167,3.17368939237108
任务一,226.5625,右提示,Fz,4.293961634951909,3.3711605834488645,2.15947572095046
任务一,226.5625,右提示,F4,11.903503127206442,11.316790006669859,1.1584832115609818
任务一,234.375,左提示,F3,-4.274795740915695,-4.107079534185685,-2.8228481901301503
任务一,234.375,左提示,Fz,4.052396633370019,4.394263664791039,-1.303707137154157
任务一,234.375,左提示,F4,-2.3598942806338226,-2.016994990112729,-1.5170737759088908
任务一,234.375,右提示,F3,10.150298952985342,10.018554430168486,3.8880722913957393
任务一,234.375,右提示,Fz,4.671909064481239,4.138552329680228,2.849060879681734
任务一,234.375,右提示,F4,12.407895268170597,11.892129401193502,1.8447687186693782
任务一,242.1875,左提示,F3,-3.948837056138583,-4.151174892991714,-1.9969559189782158
任务一,242.1875,左提示,Fz,4.604967405604729,4.5878401640380275,-0.3072896776088667
任务一,242.1875,左提示,F4,-1.9421877609317928,-2.0545695153179446,-0.17607240082080722
任务一,242.1875,右提示,F3,10.646492364805983,10.771660547933784,4.860855316593579
任务一,242.1875,右提示,Fz,5.189408987550276,5.099365082541065,3.8054478285153985
任务一,242.1875,右提示,F4,13.018554761892721,12.620342137919332,2.8643373390768407
任务一,250.0,左提示,F3,-3.489006491550229,-4.184650627680474,-1.1129271686389648
任务一,250.0,左提示,Fz,5.293574198443873,4.802719504562692,0.728895132846812
任务一,250.0,左提示,F4,-1.4220281741219587,-2.0069999273078922,1.2129126047516658
任务一,250.0,右提示,F3,11.265728244720961,11.267357793792252,5.875543013748717
任务一,250.0,右提示,Fz,5.858310504968763,5.9570419347283,4.806333290472373
任务一,250.0,右提示,F4,13.743440162402095,13.32413841108405,3.9689252372412325
任务一,257.8125,左提示,F3,-2.9153951229754114,-3.8196186767738425,-0.42727004962622334
任务一,257.8125,左提示,Fz,6.095408325924101,5.310237700149408,1.4889121552738849
任务一,257.8125,左提示,F4,-0.8176865943137024,-1.7125398189046717,2.2232756251496206
任务一,257.8125,右提示,F3,11.992258478849198,11.746046044657842,6.628121666146354
任务一,257.8125,右提示,Fz,6.655972844113949,6.732943368791026,5.540643933395624
任务一,257.8125,右提示,F4,14.56466300661858,14.053529844954834,4.8124228746756295
任务一,265.625,左提示,F3,-2.2547291801639133,-2.8045653052651884,-0.1375969592864879
任务一,265.625,左提示,Fz,6.980400608722328,6.26011276163063,1.7322160956683716
任务一,265.625,左提示,F4,-0.15283948150535132,-1.047427357574234,2.534644481091238
任务一,265.625,右提示,F3,12.803839688350399,12.54576510356841,6.881080118836037
任务一,265.625,右提示,Fz,7.551689007231142,7.614932985709254,5.767175442850259
任务一,265.625,右提示,F4,15.458289930792766,14.94584016168502,5.126631064730896
任务一,273.4375,左提示,F3,-1.5337348928655414,-1.3329133973141207,-0.2749558238350334
任务一,273.4375,左提示,Fz,7.918481867515486,7.578012155238071,1.4308946105703686
任务一,273.4375,左提示,F4,0.5488367043047848,-0.0052166277471688005,2.110099749253965
任务一,273.4375,右提示,F3,13.678228494384278,13.634810830214773,6.597384382210261
任务一,273.4375,右提示,Fz,8.514751996565666,8.581960232440993,5.453668181670463
任务一,273.4375,右提示,F4,16.400387571175276,16.004239793708532,4.868201600043031
任务一,281.25,左提示,F3,-0.7791384908300776,0.03673458985111022,-0.7470135843575169
任务一,281.25,左提示,Fz,8.879582922980504,8.922390491263545,0.717248614145455
任务一,281.25,左提示,F4,1.263665503118368,1.2097588886483148,1.1303957604074395
任务一,281.25,右提示,F3,14.593181518110534,14.58555287949299,5.896829085920578
任务一,281.25,右提示,Fz,9.514454814362843,9.387745542160232,4.726226069667011
任务一,281.25,右提示,F4,17.36702256401673,17.006838108889834,4.160160075557884
任务一,289.0625,左提示,F3,-0.01766620380731787,0.8601136785340744,-1.4019942941419081
任务一,289.0625,左提示,Fz,9.8336345957943,10.00534460754049,-0.2002256061342923
任务一,289.0625,左提示,F4,1.967970454937083,2.245527394241096,-0.1231754465587827
任务一,289.0625,右提示,F3,15.526455380688882,15.20148688206582,4.98122101069275
任务一,289.0625,右提示,Fz,10.520090462867982,9.975089326611183,3.791650576472896
任务一,289.0625,右提示,F4,18.334261545567728,17.84516449484473,3.2094926526152214
任务一,296.875,左提示,F3,0.7239557384529425,1.153812818800664,-2.1165802458730822
任务一,296.875,左提示,Fz,10.750567706633806,10.778317970465142,-1.1516649727139976
任务一,296.875,左提示,F4,2.6380750997626006,2.9088426800096734,-1.417666936425219
任务一,296.875,右提示,F3,16.45580670327902,15.768848555553703,4.022432580011771
任务一,296.875,右提示,Fz,11.500951944326408,10.666760020370694,2.8206050977046555
任务一,296.875,右提示,F4,19.27817115207889,18.723901365810157,2.1854343912427048
任务一,304.6875,左提示,F3,1.4190011062009162,1.2692677055183843,-2.7966149483565084
任务一,304.6875,左提示,Fz,11.60031307617595,11.419131279202986,-2.0106371306622295
任务一,304.6875,左提示,F4,3.2503029775966006,3.268872921110704,-2.58143469038228
任务一,304.6875,右提示,F3,17.358992107040663,16.665376853497236,3.1530607862330884
任务一,304.6875,右提示,Fz,12.42633226098344,11.72618418728757,1.9430599087625475
任务一,304.6875,右提示,F4,20.17481801980084,19.890120756827745,1.2185904022857885
任务一,312.5,左提示,F3,2.040743669686801,1.5364214772131408,-3.389889420578166
任务一,312.5,左提示,Fz,12.35280152509765,12.09798563506429,-2.7099814742228188
任务一,312.5,左提示,F4,3.780977628440766,3.611406314194406,-3.52138979722617
任务一,312.5,右提示,F3,18.213768213133513,17.79947434211775,2.4458201434008515
任务一,312.5,右提示,Fz,13.265524415084393,12.948617312226194,1.2276242577992116
任务一,312.5,右提示,F4,21.000268784984172,21.18832300286637,0.37952848403534634
任务一,320.3125,左提示,F3,2.562457199160818,2.0044367895861352,-3.851489309465549
任务一,320.3125,左提示,Fz,12.977963874075842,12.884449062896902,-3.197563380821691
任务一,320.3125,左提示,F4,4.206422592296766,4.124288952800535,-4.170002182798505
任务一,320.3125,右提示,F3,18.997891642717278,18.79492596078166,1.9546755102939803
任务一,320.3125,右提示,Fz,13.987821408874584,13.913804436526473,0.7275394306059213
任务一,320.3125,右提示,F4,21.730590083879505,22.245370148668208,-0.2722726083117595
任务一,328.125,左提示,F3,2.9574154648731596,2.472877143030768,-4.160064471003768
任务一,328.125,左提示,Fz,13.445730943787446,13.623437924294677,-3.4544057401728727
任务一,328.125,左提示,F4,4.502961409166279,4.709739518064664,-4.5038456794906825
任务一,328.125,右提示,F3,19.68911901695166,19.4829054532817,1.6971880925843417
任务一,328.125,右提示,Fz,14.562516244599337,14.50399334031663,0.46016337577105104
任务一,328.125,右提示,F4,22.34184855273746,22.875149543892473,-0.7122291786947873
任务一,335.9375,左提示,F3,3.2014171898665627,2.7794843441598935,-4.293755229375526
任务一,335.9375,左提示,Fz,13.72894038890845,14.092123671062838,-3.4638046297527803
任务一,335.9375,左提示,F4,4.649230438970617,5.060071094821229,-4.507387855193828
任务一,335.9375,右提示,F3,20.266831321033862,20.151219589012744,1.685887467090158
任务一,335.9375,右提示,Fz,14.961466010242022,14.992133859175512,0.44112266777003495
任务一,335.9375,右提示,F4,22.812005153951894,23.286047319289786,-0.9147590684727509
任务一,343.75,左提示,F3,3.299613673396804,2.9926480944360048,-4.251730112373825
任务一,343.75,左提示,Fz,13.834221809353927,14.160635045035276,-3.2366566658600977
任务一,343.75,左提示,F4,4.650752573196961,5.029875566323382,-4.200316217545465
任务一,343.75,右提示,F3,20.729292772096855,21.073199318248502,1.9042887366808083
任务一,343.75,右提示,Fz,15.186335290490927,15.660267384915528,0.656555410319812
任务一,343.75,右提示,F4,23.14104239133199,23.77641972232739,-0.884434511415374
任务一,351.5625,左提示,F3,3.2760933606635714,3.2208231742125193,-4.027195790441935
任务一,351.5625,左提示,Fz,13.790006060031914,13.915504228094958,-2.777262048734923
任务一,351.5625,左提示,F4,4.530396852729789,4.68739748708537,-3.5970702276485227
任务一,351.5625,右提示,F3,21.086950317554773,22.073342427823903,2.3411036476615057
任务一,351.5625,右提示,Fz,15.258019313069777,16.332351831463196,1.100302644036582
任务一,351.5625,右提示,F4,23.343150214761337,24.272132887502302,-0.616517626748188
任务一,359.375,左提示,F3,3.1552603159656165,3.3865201432395757,-3.6281757072364407
任务一,359.375,左提示,Fz,13.625087350100328,13.528558059506434,-2.107799746092547
任务一,359.375,左提示,F4,4.3113214209435515,4.245967800982916,-2.732936145159656
任务一,359.375,右提示,F3,21.35045395032644,22.64564815980898,2.9668426051079297
任务一,359.375,右提示,Fz,15.197733816419547,16.51124944605,1.746712666926342
任务一,359.375,右提示,F4,23.432755364891417,24.295750249730897,-0.12747785967106204
任务一,367.1875,左提示,F3,2.961518603601686,3.373123589771346,-3.051171368734637
任务一,367.1875,左提示,Fz,13.368259888717088,13.222594064319225,-1.2351968774193063
任务一,367.1875,左提示,F4,4.016684421212691,3.9034041505633095,-1.6253694416958568
任务一,367.1875,右提示,F3,21.530453663330672,22.612288233226995,3.7670792219333236
任务一,367.1875,右提示,Fz,15.02669453898121,16.021078672408816,2.586945190831114
任务一,367.1875,右提示,F4,23.424284582373726,23.715934926458885,0.5836568218851946
任务一,375.0,左提示,F3,2.719272287870531,3.2462395629510574,-2.306216821058885
任务一,375.0,左提示,Fz,13.048317885040106,13.099206901286305,-0.18133275045979877
任务一,375.0,左提示,F4,3.6696439969116543,3.75262716912491,-0.30761909277756844
任务一,375.0,右提示,F3,21.63759944948627,22.204798896894836,4.713566678976865
任务一,375.0,右提示,Fz,14.766117219195742,15.186478566007645,3.596036654387416
任务一,375.0,右提示,F4,23.332164607859752,22.975471260100264,1.4989043566346576
任务一,382.8125,左提示,F3,2.4529254330709076,3.146162739456532,-1.392216378584431
任务一,382.8125,左提示,Fz,12.6940555482273,13.0959194498431,1.0475508911703133
任务一,382.8125,左提示,F4,3.2933582914148776,3.618209384667505,1.206197013199505
任务一,382.8125,右提示,F3,21.682541301712067,21.747339016109883,5.794897323682609
任务一,382.8125,右提示,Fz,14.437217595504109,14.34498815342887,4.766752881058924
任务一,382.8125,右提示,F4,23.170822182000958,22.51759345049441,2.6177624491344678
任务一,390.625,左提示,F3,2.1868821035015653,3.0264121456414834,-0.3236658591788736
任务一,390.625,左提示,Fz,12.334267087436592,12.951671020517162,2.428211345822927
任务一,390.625,左提示,F4,2.9109854480968114,3.232609043688603,2.8842071648946916
任务一,390.625,右提示,F3,21.675929212926892,21.365470351092974,6.984880567687089
任务一,390.625,右提示,Fz,14.061211406347304,13.589898572451865,6.073983387104168
任务一,390.625,右提示,F4,22.954684045448868,22.28844702981684,3.918304521021892
任务一,398.4375,左提示,F3,1.9455463634612578,2.732826289039931,0.8954572753169293
任务一,398.4375,左提示,Fz,11.997746711825897,12.526693502031083,3.952455424663946
任务一,398.4375,左提示,F4,2.5456836103319027,2.5585878360782957,4.713115045788299
任务一,398.4375,右提示,F3,21.62841317604954,21.201337883121116,8.274156513900715
任务一,398.4375,右提示,Fz,13.659314390166294,13.029160024347384,7.50999034353508
任务一,398.4375,右提示,F4,22.698176938854953,22.135732300783577,5.395476331552854
任务一,406.25,左提示,F3,1.7533222772487278,2.256928575118115,2.2449143839631334
任务一,406.25,左提示,Fz,11.713288630553121,11.954235883574935,5.594140888985145
任务一,406.25,左提示,F4,2.2206109214945897,1.9502668132497067,6.6607231463186025
任务一,406.25,右提示,F3,21.550643183998833,21.353584935750003,9.637775569598318
任务一,406.25,右提示,Fz,13.252742285402046,12.865958458492036,9.04818456239404
任务一,406.25,右提示,F4,22.41572760287069,22.100907644691443,7.021816838074979
任务一,414.0625,左提示,F3,1.6346139091627343,1.732427679317567,3.7157705134979198
任务一,414.0625,左提示,Fz,11.5096870527762,11.518617137320685,7.342786385733541
任务一,414.0625,左提示,F4,1.9589255249593265,1.703883523284242,8.713861752923382
任务一,414.0625,右提示,F3,21.4532692296936,21.655129951624936,11.067987078776499
任务一,414.0625,右提示,Fz,12.862710830495553,12.982435131726753,10.679925459913973
任务一,414.0625,右提示,F4,22.12176277814759,22.16772137673526,8.78768615151867
任务一,421.875,左提示,F3,1.6137227489395034,1.3171605637278763,5.2830744016403575
任务一,421.875,左提示,Fz,11.415612738892825,11.298875764131223,9.169757202813141
任务一,421.875,左提示,F4,1.7837269178109683,1.7857594687964138,10.839852610109896
任务一,421.875,右提示,F3,21.347010861144803,21.597834456958676,12.54076706765926
任务一,421.875,右提示,Fz,12.510420271265296,12.82591877395812,12.377294115676298
任务一,421.875,右提示,F4,21.830769661408045,21.97674457996033,10.661053419056065
任务一,429.6875,左提示,F3,1.7076832299461646,1.095289636202379,6.934652201582187
任务一,429.6875,左提示,Fz,11.450990527532479,11.204870456353945,11.063292734114968
任务一,429.6875,左提示,F4,1.713959708419793,1.8711392673863045,13.025977464961235
任务一,429.6875,右提示,F3,21.24751536637084,20.901895920945677,14.049795467859374
任务一,429.6875,右提示,Fz,12.215973254299175,12.018406180928967,14.131346853229017
任务一,429.6875,右提示,F4,21.56151855489695,21.29946138006243,12.62941086144649
任务一,437.5,左提示,F3,1.9215747651462554,1.0249184286133612,8.643293485702197
任务一,437.5,左提示,Fz,11.621357358307957,11.09926454316063,12.994012519134484
任务一,437.5,左提示,F4,1.7617333057528377,1.729995167773911,15.240153413068574
任务一,437.5,右提示,F3,21.17853664896317,19.905461732245538,15.572186635120222
任务一,437.5,右提示,Fz,11.997666767809795,10.953385841777322,15.914053888622226
任务一,437.5,右提示,F4,21.339825889485617,20.47624357834906,14.658719140471556
任务一,445.3125,左提示,F3,2.2593631382059645,1.0574927898272808,10.396627969050384
任务一,445.3125,左提示,Fz,11.930909914995501,11.037825910643912,14.951245500171789
任务一,445.3125,左提示,F4,1.9385204090056938,1.4260245282340662,17.471896661254966
任务一,445.3125,右提示,F3,21.164583756737176,19.437171804121444,17.10370221038382
任务一,445.3125,右提示,Fz,11.873629600040225,10.506032720130273,17.71793850024502
任务一,445.3125,右提示,F4,21.192164454211756,20.24629076648546,16.7368494227986
任务一,453.125,左提示,F3,2.7250141327914736,1.3372260021591682,12.1683590339103
任务一,453.125,左提示,Fz,12.383844881371328,11.251652545176666,16.907416942894955
任务一,453.125,左提示,F4,2.2557937173739475,1.3678372861953854,19.69177642674296
任务一,453.125,右提示,F3,21.230165737508223,19.99101399897837,18.623466577109042
任务一,453.125,右提示,Fz,11.86199053923352,11.13592298271884,19.516821126977025
任务一,453.125,右提示,F4,21.145007038113064,20.941130754367766,18.83116735671376
任务一,460.9375,左提示,F3,3.322493532568977,2.1520805426550673,13.948689352601722
任务一,460.9375,左提示,Fz,12.984358941211672,12.067259387059627,18.855178825609258
任务一,460.9375,左提示,F4,2.7250259300531976,1.9497930134102823,21.89336389857952
任务一,460.9375,右提示,F3,21.399791639091696,21.323823658584075,20.13010950285375
任务一,460.9375,右提示,Fz,11.980878373632747,12.40406278712441,21.306416566067558
任务一,460.9375,右提示,F4,21.224826430227246,22.150207437700757,20.93290207025402
任务一,468.75,左提示,F3,4.055767121204658,3.5994672988752026,15.714357488456288
任务一,468.75,左提示,Fz,13.736648778292777,13.511977063939542,20.77045945922754
任务一,468.75,左提示,F4,3.3576897462390356,3.2202921226231283,24.051245118994828
任务一,468.75,右提示,F3,21.697970509302973,22.725303083074603,21.605332306658525
任务一,468.75,右提示,Fz,12.248421891480968,13.482319269095088,23.06369996675229
任务一,468.75,右提示,F4,21.458095419592016,23.121786282601025,23.013099249229
任务一,476.5625,左提示,F3,4.928800682364713,5.444407796523379,17.459611070281213
任务一,476.5625,左提示,Fz,14.644911076390851,15.27307169690145,22.650365714793665
任务一,476.5625,左提示,F4,4.16525786512706,4.784249602589496,26.163907302318876
任务一,476.5625,右提示,F3,22.149211395957423,23.730439802477118,23.050946448624423
任务一,476.5625,右提示,Fz,12.682749881021243,13.960050725531072,24.788427491068884
任务一,476.5625,右提示,F4,21.871286795245066,23.513441772316547,25.067896396835394
任务一,484.375,左提示,F3,5.945559999715325,7.269946911782537,19.16512172142661
任务一,484.375,左提示,Fz,15.713342519282133,16.873598150381408,24.474924759642303
任务一,484.375,左提示,F4,5.159202985912852,6.201572478532704,28.210315083848407
任务一,484.375,右提示,F3,22.77802334687042,24.2629273615605,24.45129418244073
任务一,484.375,右提示,Fz,13.301991130496635,14.077222722917025,26.46114040110289
任务一,484.375,右提示,F4,22.490873346224102,23.516718207023292,27.07291741719623
任务一,492.1875,左提示,F3,7.110010856922683,8.709303229951772,20.829534849007914
任务一,492.1875,左提示,Fz,16.94613979074286,18.087817339849757,26.245777807924018
任务一,492.1875,左提示,F4,6.350997807792005,7.269449814603096,30.19374183873512
任务一,492.1875,右提示,F3,23.608915409857342,24.574076455595655,25.811174558622998
任务一,492.1875,右提示,Fz,14.124274428150212,14.303684009461922,28.08561736692427
任务一,492.1875,右提示,F4,23.34332786156682,23.57987514216814,29.02949293049193
任务一,500.0,左提示,F3,8.426119037652983,9.72172433658592,22.437355168216694
任务一,500.0,左提示,Fz,18.34749957454925,19.047104097269422,27.94674513171394
任务一,500.0,左提示,F4,7.752115029960134,8.201760352310677,32.09705744853853
任务一,500.0,右提示,F3,24.666396632733576,25.03051038526615,27.117198932010243
任务一,500.0,右提示,Fz,15.167728562225031,14.9576643497331,29.645637922628904
任务一,500.0,右提示,F4,24.45512313031094,24.046882016969224,30.917628727879983
任务一,507.8125,左提示,F3,9.897850325572401,10.652791023373503,23.991218624364294
任务一,507.8125,左提示,Fz,19.921618554477543,20.149529199030887,29.58347455222017
任务一,507.8125,左提示,F4,9.374027351612805,9.395459694950844,33.92768291162839
任务一,507.8125,右提示,F3,25.97497606331448,25.968921767422696,28.376703861464854
任务一,507.8125,右提示,Fz,16.450482320964152,16.09305298671471,31.148509672082366
任务一,507.8125,右提示,F4,25.852731941494156,25.089979432065366,32.74333951524662
任务一,515.625,左提示,F3,11.524366185983837,11.844202004295205,25.478880383894687
任务一,515.625,左提示,Fz,21.66799210162579,21.578675411621997,31.142935095456195
任务一,515.625,左提示,F4,11.221860990422813,11.090354869922189,35.67168154029591
任务一,515.625,右提示,F3,27.548134015265134,27.309903324094876,29.57810279209668
任务一,515.625,右提示,Fz,17.982049609510383,17.518496028561263,32.58067601742875
任务一,515.625,右提示,F4,27.552101219799262,26.594741404253217,34.490321929118565
任务一,523.4375,左提示,F3,13.282866487308983,13.298809129716764,26.90621481329389
任务一,523.4375,左提示,Fz,23.56462485187367,23.281563719148483,32.63397935972876
任务一,523.4375,左提示,F4,13.271730999881473,13.153885703836036,37.33975812818899
任务一,523.4375,右提示,F3,29.34893603053829,28.83347745125902,30.730730790989867
任务一,523.4375,右提示,Fz,19.732563805839156,19.041875185301297,33.9522658991514
任务一,523.4375,右提示,F4,29.521061846735403,28.418694119425673,36.16838536759524
任务一,531.25,左提示,F3,15.144279385953716,14.835012969752484,28.263311596043945
任务一,531.25,左提示,Fz,25.583384196025882,25.159466133105006,34.04575653449099
任务一,531.25,左提示,F4,15.491467531977921,15.407839532537087,38.92013159742684
任务一,531.25,右提示,F3,31.32605038611393,30.50968205761129,31.824165134402552
任务一,531.25,右提示,Fz,21.660912141902823,20.767482011580277,35.251533645313245
任务一,531.25,右提示,F4,31.71370390127538,30.602549757680837,37.76384434736579
任务一,539.0625,左提示,F3,17.079532554913012,16.40326220751009,29.55830378302443
任务一,539.0625,左提示,Fz,27.696137051840644,27.261421829561446,35.38930576895689
任务一,539.0625,左提示,F4,17.848900100117852,17.741407278111993,40.425712024428265
任务一,539.0625,右提示,F3,33.42814424925995,32.46601358576465,32.86906876461059
任务一,539.0625,右提示,Fz,23.72598098282355,22.90325973998539,36.49053346611635
任务一,539.0625,右提示,F4,34.08411640327871,33.28289477100304,39.28917400425675
任务一,546.875,左提示,F3,19.05955366718186,18.111314359213544,30.782751595680356
任务一,546.875,左提示,Fz,29.874750337076197,29.53106630375006,36.65509236118046
任务一,546.875,左提示,F4,20.311858217706966,20.079615507159307,41.84597626387681
任务一,546.875,右提示,F3,35.603884787244276,34.64195977494257,33.855622656920325
任务一,546.875,右提示,Fz,25.88665669372351,25.398550398926126,37.65857731804798
任务一,546.875,右提示,F4,36.586388372604965,36.3138601300991,40.73233170149325
任务一,554.6875,左提示,F3,21.055270395755258,20.088811528063133,31.94635608138982
任务一,554.6875,左提示,Fz,32.09109096949081,31.86012740234561,37.85568108417142
任务一,554.6875,左提示,F4,22.848171398150996,22.351055074966233,43.19536782301418
任务一,554.6875,右提示,F3,37.80193916733485,36.955204590704014,34.7953989365836
任务一,554.6875,右提示,Fz,28.101825639724908,27.972450628996352,38.76907712962095
任务一,554.6875,右提示,F4,39.17460882911368,39.375671248986684,42.10768799635763
任务一,562.5,左提示,F3,23.037610413628204,22.345244022360333,33.04154069687014
任务一,562.5,左提示,Fz,34.31702586684272,34.16185931385839,38.982278379440295
任务一,562.5,左提示,F4,25.425669154855633,24.716025701575944,44.46404490494271
任务一,562.5,右提示,F3,39.970974556799604,39.38525042159325,35.678825385236046
任务一,562.5,右提示,Fz,30.330374185949918,30.494872268577208,39.81191382373952
任务一,562.5,右提示,F4,41.80286679266442,42.23793248895432,43.40416508784326
任务一,570.3125,左提示,F3,24.977501393795677,24.645008136788718,34.07892595692733
任务一,570.3125,左提示,Fz,36.524421946890165,36.4491248551924,40.048341698322744
任务一,570.3125,左提示,F4,28.012181001226594,27.37277219784472,45.667342419152696
任务一,570.3125,右提示,F3,42.05965812290644,42.0171286267406,36.517984246244275
任务一,570.3125,右提示,Fz,32.531188697520705,33.09760862263311,40.80130992948345
任务一,570.3125,右提示,F4,44.425251283116715,44.97163329938481,44.6372969620084
任务一,578.125,左提示,F3,26.845871009252676,26.6863475169148,35.05114513750844
任务一,578.125,左提示,Fz,38.685146127391405,38.645284586425866,41.045174139370616
任务一,578.125,左提示,F4,30.57553645066958,30.296568552260126,46.795438038236426
任务一,578.125,右提示,F3,44.016657032923305,44.6885521856401,37.303140505926756
任务一,578.125,右提示,Fz,34.66315553955947,35.828904459279144,41.72715180408879
任务一,578.125,右提示,F4,46.995851320330125,47.68746796688406,45.796236559305065
任务一,585.9375,左提示,F3,28.613646932994207,28.425553912320765,35.96921442838672
任务一,585.9375,左提示,Fz,40.77106532610468,40.68769006627753,41.98661734119159
任务一,585.9375,左提示,F4,33.0835650165903,33.11311038326801,47.8640344596701
任务一,585.9375,右提示,F3,45.790638454118124,46.99402807699194,38.04656554338528
任务一,585.9375,右提示,Fz,36.68516107718839,38.34892585173125,42.6040270717321
任务一,585.9375,右提示,F4,49.46875592416421,50.34770115911352,46.89709858357153
任务一,593.75,左提示,F3,30.251756838015233,30.037513065709568,36.82566267722487
任务一,593.75,左提示,Fz,42.75404646078823,42.56941689336895,42.86378058912916
任务一,593.75,左提示,F4,35.50409621239445,35.55789156399613,48.86303329787876
任务一,593.75,右提示,F3,47.33026955375881,48.55370367059206,38.738192500673556
任务一,593.75,右提示,Fz,38.55609167552963,40.23018875927084,43.42157818814834
任务一,593.75,右提示,F4,51.7980541144785,52.74246051113048,47.92891715821839
任务一,601.5625,左提示,F3,31.732573138789807,31.67479546428983,37.63170385581799
任务一,601.5625,左提示,Fz,44.60725590086413,44.46862442204106,43.690712168017754
任务一,601.5625,左提示,F4,37.80625778874091,37.767048183752905,49.80832659223977
任务一,601.5625,右提示,F3,48.58721442396377,49.402427567425,39.3903914721111
任务一,601.5625,右提示,Fz,40.23702505675043,41.36506499624228,44.19460844392028
任务一,601.5625,右提示,F4,53.94018165989657,54.706784078832435,48.90815343242492
任务一,609.375,左提示,F3,33.050085863033814,33.384153492266385,38.37954520342439
任务一,609.375,左提示,Fz,46.3233036628721,46.491769446984264,44.45812112238556
任务一,609.375,左提示,F4,39.97860297222426,40.154681435672245,50.68933245760312
任务一,609.375,右提示,F3,49.55798003239155,49.75491245045961,39.992652856224
任务一,609.375,右提示,Fz,41.72182813732157,41.92242783467995,44.91233895481431
任务一,609.375,右提示,F4,55.88668864388121,56.07315179589478,49.823458798312345
任务一,617.1875,左提示,F3,34.214926319943956,35.07195814285423,39.08032314395837
任务一,617.1875,左提示,Fz,47.909767521405364,48.530191321443645,45.17998692777763
任务一,617.1875,左提示,F4,42.02463875928089,42.76141136923684,51.521854039877645
任务一,617.1875,右提示,F3,50.273593481089364,49.85988676225493,40.55728352744068
任务一,617.1875,右提示,Fz,43.02960902041786,42.130892233095366,45.589544148579314
任务一,617.1875,右提示,F4,57.65615621899186,56.892174063931414,50.69131325471518
任务一,625.0,左提示,F3,35.23815389026621,36.44146483101366,39.72569998230201
任务一,625.0,左提示,Fz,49.374610273772355,50.20489194665534,45.846389104497554
任务一,625.0,左提示,F4,43.94825680923689,45.13216213206033,52.294593755083554
任务一,625.0,右提示,F3,50.765969849837845,49.86012196609842,41.07320862036644
任务一,625.0,右提示,Fz,44.18012510019035,42.31104103778033,46.21482008483132
任务一,625.0,右提示,F4,59.267860870754994,57.592854290333435,51.49971947751502
任务一,632.8125,左提示,F3,36.13082795474657,37.19375875658426,40.32665948010272
任务一,632.8125,左提示,Fz,50.72579471728147,51.327649699777346,46.47115135556826
任务一,632.8125,左提示,F4,45.75334878141835,46.79112140440777,53.02317403013797
任务一,632.8125,右提示,F3,51.067024218417636,49.95750175170493,41.55266401612862
任务一,632.8125,右提示,Fz,45.19313377079014,42.86372327250164,46.802838609457396
任务一,632.8125,右提示,F4,60.74107908469709,58.80768451137824,52.265063311634954
任务一,640.625,左提示,F3,36.9040078941311,37.405302310470795,40.87437150695232
任务一,640.625,左提示,Fz,51.97128364924113,52.08904683561131,47.04375822851678
任务一,640.625,左提示,F4,47.44380633515147,47.88532375640145,53.69561285561632
任务一,640.625,右提示,F3,51.20867166660941,50.30175983108438,41.98410375080766
任务一,640.625,右提示,Fz,46.08839242636834,44.04805191791489,47.341609159218095
任务一,640.625,右提示,F4,62.095087346344705,60.73289400753273,52.97470923401222
任务一,648.4375,左提示,F3,37.56875308916575,37.535747103019666,41.37971379276521
任务一,648.4375,左提示,Fz,53.11903986695978,52.92409907224439,47.577897784268714
任务一,648.4375,左提示,F4,49.023521129762344,48.906105305681066,54.32737234456256
任务一,648.4375,右提示,F3,51.22282727419382,50.92771222244811,42.37977688999471
任务一,648.4375,右提示,Fz,46.88565846107602,45.75032337269751,47.845723003510955
任务一,648.4375,右提示,F4,63.3491621412243,63.048361021711784,53.644938764964884
任务一,656.25,左提示,F3,38.13612292059656,37.92664656759227,41.83333355077719
任务一,656.25,左提示,Fz,54.17702616774581,53.95551212340503,48.062399415763146
任务一,656.25,左提示,F4,50.4963848245771,50.13875477877464,54.90572432382165
任务一,656.25,右提示,F3,51.141406120951515,51.58206139913018,42.72768327495912
任务一,656.25,右提示,Fz,47.604689269064295,47.56700372294918,48.30254786372565
任务一,656.25,右提示,F4,64.52257995486238,65.22652103010701,54.262380325796585
任务一,664.0625,左提示,F3,38.61717676916954,38.4972659368582,42.24595220129407
任务一,664.0625,左提示,Fz,55.15320534890763,55.03015599934872,48.510735609313635
任务一,664.0625,左提示,F4,51.86628907892186,51.44218705296196,55.44588151658836
任务一,664.0625,右提示,F3,50.99632328666313,52.02070351526139,43.04008211387355
任务一,664.0625,右提示,Fz,48.2652422444842,49.11500998313376,48.72651914322566
任务一,664.0625,右提示,F4,65.63461727278545,67.00972858108526,54.84309180495194
任务一,671.875,左提示,F3,39.02297401563068,39.002198851337994,42.607742466330706
任务一,671.875,左提示,Fz,56.055540207753694,55.97862407671621,48.91109739836504
任务一,671.875,左提示,F4,53.13712555212277,52.68304743934377,55.934379304799165
任务一,671.875,右提示,F3,50.81949385110934,52.116382261222356,43.30459944710941
任务一,671.875,右提示,Fz,48.88707478148687,50.290921307939655,49.10438024285035
任务一,671.875,右提示,F4,66.70455058052,68.4122062355319,55.3729559302992
任务一,679.6875,左提示,F3,39.364574040725984,39.279666083922976,42.9294314295398
任务一,679.6875,左提示,Fz,56.89199354159237,56.80102424607763,49.27686129986351
任务一,679.6875,左提示,F4,54.31278590350595,53.799676896231034,56.386301813641964
任务一,679.6875,右提示,F3,50.642832894070764,51.977755532957865,43.53367814077586
任务一,679.6875,右提示,Fz,49.48994427422337,51.20309691311788,49.45052621251653
任务一,679.6875,右提示,F4,67.75165636359256,69.5681390035141,55.86791159723968
任务一,687.5,左提示,F3,39.6529929138088,39.276139300487344,43.20090096576496
任务一,687.5,左提示,Fz,57.67049274616153,57.42064470427636,49.59571496711597
任务一,687.5,左提示,F4,55.397143930907234,54.781176277326324,56.78758893077104
任务一,687.5,右提示,F3,50.4981621469378,51.738680958300634,43.71475795650307
任务一,687.5,右提示,Fz,50.093549135879215,51.965895647477524,49.75120686275593
任务一,687.5,右提示,F4,68.79514195480921,70.49704974115043,56.3132148083022
任务一,695.3125,左提示,F3,39.893705319045665,39.15016226901046,43.43298308059401
任务一,695.3125,左提示,Fz,58.394435837588716,57.90138130002571,49.88099821285997
任务一,695.3125,左提示,F4,56.39178818129355,55.67179778354728,57.15326002908455
任务一,695.3125,右提示,F3,50.405360077329775,51.50584853889181,43.86057309990711
任务一,695.3125,右提示,Fz,50.710041583852394,52.53059342038239,50.02083465883878
任务一,695.3125,右提示,F4,69.845367087381,71.21130768942382,56.72471986290631
任务一,703.125,左提示,F3,40.08125809550431,39.18860698233085,43.61530495656779
任务一,703.125,左提示,Fz,59.05828870454487,58.441449079267855,50.11990982613322
任务一,703.125,左提示,F4,57.293800590619284,56.69790297455555,57.46867513041108
任务一,703.125,右提示,F3,50.360752533427636,51.12514264516945,43.958424348402076
任务一,703.125,右提示,Fz,51.33669241945591,52.73265869360844,50.24518030405178
任务一,703.125,右提示,F4,70.89524365528511,71.70227432441524,57.08704258980502
任务一,710.9375,左提示,F3,40.20891911081878,39.51459966324208,43.75887894081019
任务一,710.9375,左提示,Fz,59.65547183875801,59.21861694416653,50.32581414656335
任务一,710.9375,左提示,F4,58.09973565080065,57.92407877053516,57.74884716083018
任务一,710.9375,右提示,F3,50.3579088156048,50.43151104781971,44.021410117630744
任务一,710.9375,右提示,Fz,51.96903075514342,52.515228257508284,50.43873129139803
任务一,710.9375,右提示,F4,71.93564149500635,72.04471028937714,57.415989791425496
任务一,718.75,左提示,F3,40.26995623262315,40.00919363672365,43.85325304219558
任务一,718.75,左提示,Fz,60.17940573195619,60.109587546220126,50.485578778602815
任务一,718.75,左提示,F4,58.80614785375388,59.162026740345674,57.97871694870099
任务一,718.75,右提示,F3,50.39039822423465,49.444221452912515,44.03684463539811
任务一,718.75,右提示,Fz,52.60258570336864,52.087250508168175,50.58693059184593
任务一,718.75,右提示,F4,72.95743044302957,72.27121572727002,57.69568424708693
任务一,726.5625,左提示,F3,40.25763732855149,40.438016601938095,43.90982324315207
任务一,726.5625,左提示,Fz,60.62351087586742,60.89596904288585,50.61277836682199
任务一,726.5625,左提示,F4,59.40959169139515,60.077372696980824,58.173493328995775
任务一,726.5625,右提示,F3,50.451790059690545,48.5281582093189,44.01835901339115
任务一,726.5625,右提示,Fz,53.23288637658522,51.77948139470771,50.704521497673106
任务一,726.5625,右提示,F4,73.95148033583958,72.4201880999887,57.94207432933292
任务一,734.375,左提示,F3,40.16523026623783,40.54758935867791,43.91818403954402
任务一,734.375,左提示,Fz,60.981207762219725,61.34245422289203,50.69407491133526
任务一,734.375,左提示,F4,59.9066216556407,60.5391004376998,58.31784641211809
任务一,734.375,右提示,F3,50.53565362234586,48.07414643921349,43.95337414691421
任务一,734.375,右提示,Fz,53.85546188724686,51.854357536371985,50.77674319262678
任务一,734.375,右提示,F4,74.90866100992125,72.5802307223535,58.13892342560121
任务一,742.1875,左提示,F3,39.98600291331623,40.23384107250349,43.890139622797705
任务一,742.1875,左提示,Fz,61.24591688274114,61.47983157252122,50.74329805838258
任务一,742.1875,左提示,F4,60.29379223840671,60.68011417053016,58.42724077372064
任务一,742.1875,右提示,F3,50.63555821257398,48.39184462766222,43.85604840397518
任务一,742.1875,右提示,Fz,54.46584134780723,52.433767401567394,50.81863834645469
任务一,742.1875,右提示,F4,75.81984230175937,73.05734369196509,58.30237081173667
任务一,750.0,左提示,F3,39.71322313742077,39.70992212688654,43.8153452201708
任务一,750.0,左提示,Fz,61.41105872915969,61.524891455364184,50.74694955806254
任务一,750.0,左提示,F4,60.567657931609425,60.83891496768946,58.486131983618506
任务一,750.0,右提示,F3,50.74507313074831,49.36631263643098,43.71388953286807
任务一,750.0,右提示,Fz,55.05955387072002,53.45937883054269,50.815285093123606
任务一,750.0,右提示,F4,76.67589404783881,74.08656722879653,58.41587472385472
任务一,757.8125,左提示,F3,39.3401588061855,39.34470718205958,43.70608926851208
任务一,757.8125,左提示,Fz,61.4700537932034,61.69249599786616,50.71922949127536
任务一,757.8125,左提示,F4,60.72477322716501,61.08360710085185,58.51037373774246
任务一,757.8125,右提示,F3,50.85776767724217,50.454607839579594,43.54161675030253
任务一,757.8125,右提示,Fz,55.63212856843888,54.58739236407932,50.7821347077142
任务一,757.8125,右提示,F4,77.46768608464433,75.59212678104166,58.49590236270886
任务一,765.625,左提示,F3,38.8600777872445,39.22912612802162,43.55220192835773
任务一,765.625,左提示,Fz,61.41632256660033,61.82551051811248,50.64664860254361
任务一,765.625,左提示,F4,60.76169261698973,61.17416676926068,58.48440297476019
任务一,765.625,右提示,F3,50.967211152429016,50.98280532106419,43.326892284377564
任务一,765.625,右提示,Fz,56.179094553417535,55.43663261842744,50.70426574892894
任务一,765.625,右提示,F4,78.18608824866088,77.18724480138926,58.52581012077738
任务一,773.4375,左提示,F3,38.2662479482318,39.04477555922571,43.36651113834257
任务一,773.4375,左提示,Fz,61.243285541078464,61.668846123501936,50.543896335091574
任务一,773.4375,左提示,F4,60.67497059299974,60.851902914087106,58.42460671825162
任务一,773.4375,右提示,F3,51.06697285668214,50.88196855324024,43.08500683027789
任务一,773.4375,右提示,Fz,56.695980938109635,55.97411540902322,50.59765355578986
任务一,773.4375,右提示,F4,78.8219703763732,78.61559754156985,58.52254926724281
任务一,781.25,左提示,F3,37.55545799384862,38.411211605850674,43.138977764957964
任务一,781.25,左提示,Fz,60.947314629795784,61.12852691128065,50.397508465757745
任务一,781.25,左提示,F4,60.46381681834044,60.25683737008357,58.31543760505921
任务一,781.25,右提示,F3,51.14969260814382,50.612338852674846,42.80369592865823
任务一,781.25,右提示,Fz,57.17693963378071,56.497781064678875,50.44739702056129
任务一,781.25,右提示,F4,79.36576559317648,79.77505958815026,58.46942774015909
任务一,789.0625,左提示,F3,36.74419818777545,37.286998621712975,42.8828785585567
任务一,789.0625,左提示,Fz,60.541297024029,60.4631154968142,50.22263127619029
任务一,789.0625,左提示,F4,60.1422985061016,59.70654054688082,58.173796542446155
任务一,789.0625,右提示,F3,51.202809118330784,50.798970741804986,42.498700964603074
任务一,789.0625,右提示,Fz,57.60841614270384,57.31639192769112,50.26996661785405
任务一,789.0625,右提示,F4,79.80546331885655,80.75504046122778,58.38388962475726
任务一,796.875,左提示,F3,35.85580792204999,35.97197880054084,42.588253412508045
任务一,796.875,左提示,Fz,60.04386135205519,59.904016201671496,50.00584342922697
任务一,796.875,左提示,F4,59.72964800715473,59.405198773481956,57.98418444869522
任务一,796.875,右提示,F3,51.211952965356986,51.63941455034046,42.15775278087423
任务一,796.875,右提示,Fz,57.97417688046578,58.52538352496102,50.05049534742208
任务一,796.875,右提示,F4,80.12820343365766,81.67960232919589,58.2492606102814
任务二,0.0,左提示,F3,-1.700076729131644,-2.113756128912765,-1.2076890957829676
任务二,0.0,左提示,Fz,1.4302109089966544,0.36697232459548235,-0.8783588339934147
任务二,0.0,左提示,F4,0.8658729466291177,-0.42969882820992483,-1.2428480827944466
任务二,0.0,右提示,F3,1.276450450898446,1.6268016447281552,-1.2421838392386482
任务二,0.0,右提示,Fz,2.8153846362203883,2.411481699590715,-0.9053454540553967
任务二,0.0,右提示,F4,0.8053141434376778,0.1115740891880097,-1.2831048269169072
任务二,7.8125,左提示,F3,-2.0971082020569174,-2.5688209066938015,-1.4623591750146698
任务二,7.8125,左提示,Fz,1.3639648214310098,0.19999535656766754,-1.1051651992031666
任务二,7.8125,左提示,F4,0.7562857334247637,-0.4345287018521029,-1.5813794588237609
任务二,7.8125,右提示,F3,1.2176794122116563,2.120110148690702,-1.4918620604955368
任务二,7.8125,右提示,Fz,2.8967599328539517,3.2591572735333876,-1.1373720711067095
任务二,7.8125,右提示,F4,0.7970331531482586,0.8475735507974813,-1.6462780659155714
任务二,15.625,左提示,F3,-2.5183749345756756,-2.947536773089963,-2.792638564390553
任务二,15.625,左提示,Fz,1.2860855771460438,0.45598203749339417,-2.614530304493904
任务二,15.625,左提示,F4,0.6401472206954611,-0.03590040206893175,-3.7017048396786114
任务二,15.625,右提示,F3,1.1388833439007224,2.4153700377046485,-2.8053705963536406
任务二,15.625,右提示,Fz,2.956478813570378,4.030320706008735,-2.632438459630489
任务二,15.625,右提示,F4,0.7689518148322692,1.4921093434673394,-3.756581270803809
任务二,23.4375,左提示,F3,-2.956606653585001,-3.2490560590111244,-5.308255546747032
任务二,23.4375,左提示,Fz,1.2012071137732443,0.9412997987089397,-5.53984559858892
任务二,23.4375,左提示,F4,0.5215613529717247,0.44948342282549203,-7.810814389652132
任务二,23.4375,右提示,F3,1.0417209716945655,2.0490538193949646,-5.313159812434736
任务二,23.4375,右提示,Fz,2.9937752521405563,4.198445001543685,-5.529892650606612
任务二,23.4375,右提示,F4,0.7202553857451763,1.6259929366872752,-7.802832165107909
任务二,31.25,左提示,F3,-3.4045330859819742,-3.4908331641534005,-8.05680094639649
任务二,31.25,左提示,Fz,1.1139633689440998,1.3618570178814235,-8.674124293992122
任务二,31.25,左提示,F4,0.40463207478406793,0.7555026611863938,-12.33560522065759
任务二,31.25,右提示,F3,0.9278510213221056,1.0872123962062905,-8.104860974575097
任务二,31.25,右提示,Fz,3.0078832223353804,3.6762447844120554,-8.670807805381417
任务二,31.25,右提示,F4,0.6501291231424475,1.2474671141523572,-12.275765928050145
任务二,39.0625,左提示,F3,-3.854883958663679,-3.7175777410021906,-9.465417861414924
任务二,39.0625,左提示,Fz,1.0289882802900983,1.5728501857738557,-9.986377533230169
任务二,39.0625,左提示,F4,0.2934633306630059,0.8853520461193751,-14.623496084604335
任务二,39.0625,右提示,F3,0.7989322185122634,0.15958406435179984,-9.636985292895236
任务二,39.0625,右提示,Fz,2.9980366979257425,2.9630918263839194,-10.092273787616714
任务二,39.0625,右提示,F4,0.5577582842795514,0.8099126566560566,-14.663739812383081
任务二,46.875,左提示,F3,-4.300388998527196,-4.051812988953479,-8.509313680765551
任务二,46.875,左提示,Fz,0.9509157854427277,1.5714771190318155,-8.134846767213793
任务二,46.875,左提示,F4,0.19215906513905168,0.926271641267004,-12.901745844395565
任务二,46.875,右提示,F3,0.6566232889939587,-0.23411645946892312,-8.852763009661043
任务二,46.875,右提示,Fz,2.963469652682533,2.574377752062092,-8.46839605136389
任务二,46.875,右提示,F4,0.4423281264119523,0.670672605268525,-13.290864669882332
任务二,54.6875,左提示,F3,-4.733777932469607,-4.559884743203958,-5.541978970978133
任务二,54.6875,左提示,Fz,0.8843798220334759,1.4456469641330123,-3.6075790742730294
任务二,54.6875,左提示,F4,0.10482322274271971,0.9080673959052108,-7.714651473582645
任务二,54.6875,右提示,F3,0.5025829584961146,-0.1859332864208696,-5.999501741358696
任务二,54.6875,右提示,Fz,2.903416060376645,2.5619016479196075,-4.1930502822112095
任务二,54.6875,右提示,F4,0.30302390679512037,0.7143078582440656,-8.611840716801035
任务二,62.5,左提示,F3,-5.1477804873879975,-5.1657568079166705,-2.009092318476667
任务二,62.5,左提示,Fz,0.8340143276938313,1.3006274885280007,1.610727195906936
任务二,62.5,左提示,F4,0.035559748004524216,0.7944332578013364,-1.4977118364277682
任务二,62.5,右提示,F3,0.3384699527476489,-0.11757153192581793,-2.3981321082225473
任务二,62.5,右提示,Fz,2.8171098947789712,2.5923595365158616,0.9172425938255464
任务二,62.5,右提示,F4,0.1390308826845228,0.5556810564945656,-2.7922963093444917
任务二,70.3125,左提示,F3,-5.536188470936924,-5.632032381723691,0.5987881863471947
任务二,70.3125,左提示,Fz,0.8037480332182422,1.2605159318990808,5.467901539430485
任务二,70.3125,左提示,F4,-0.012220876446608964,0.655900140847786,3.1904907310259407
任务二,70.3125,右提示,F3,0.1659289916449227,-0.23033639578527332,0.5258994950060868
任务二,70.3125,右提示,Fz,2.7042186110192272,2.4506047316731765,4.943063336477697
任务二,70.3125,右提示,F4,-0.050030829852667935,0.07863840775166286,1.8835940632518429
任务二,78.125,左提示,F3,-5.902570259847321,-5.883567095622261,1.573619656614548
任务二,78.125,左提示,Fz,0.7910181636405172,1.2537851854610578,7.000495516006865
任务二,78.125,左提示,F4,-0.041491560332063804,0.4851463909467384,5.0998974426329164
任务二,78.125,右提示,F3,-0.013524130130239342,-0.43293126767535295,2.035862950921025
任务二,78.125,右提示,Fz,2.56839990735886,2.183498801664908,6.935926398605913
任务二,78.125,右提示,F4,-0.260538192013716,-0.52971572183267,4.267347905664784
任务二,85.9375,左提示,F3,-6.255763140873895,-6.0788417015462715,1.05995351729037
任务二,85.9375,左提示,Fz,0.7897634610906541,1.104282600333754,6.448795205647889
任务二,85.9375,左提示,F4,-0.05866543045525652,0.1816207888148329,4.451107205032601
任务二,85.9375,右提示,F3,-0.19844309987377384,-0.5046481302706263,2.1858888345637597
任务二,85.9375,右提示,Fz,2.415461953443484,1.9989210480906296,7.044105893638134
任务二,85.9375,右提示,F4,-0.48671086016215437,-1.020799004987839,4.480637756390688
任务二,93.75,左提示,F3,-6.604655470018886,-6.411735589673313,-0.38290880731138893
任务二,93.75,左提示,Fz,0.7938887584292492,0.7715386404515063,4.628535179809343
任务二,93.75,左提示,F4,-0.07018895814380022,-0.29218392438895235,2.193528238074743
任务二,93.75,右提示,F3,-0.38738227834013506,-0.3682299226800234,1.4379465918771903
任务二,93.75,右提示,Fz,2.2512337625002026,1.9820380967362325,5.954705330778887
任务二,93.75,右提示,F4,-0.722747580846375,-1.34802077385994,3.2754101050347364
任务二,101.5625,左提示,F3,-6.958135603284546,-6.7870334235110565,-2.2176639981091726
任务二,101.5625,左提示,Fz,0.7972988885169017,0.5012387188888059,2.3113379204247435
任务二,101.5625,左提示,F4,-0.08250861472530469,-0.7144120297469649,-0.742504632212404
任务二,101.5625,右提示,F3,-0.5788960262837768,-0.13113609288252026,0.26292633741043836
任务二,101.5625,右提示,Fz,2.0815443477561204,2.079053908927656,4.338178364289438
任务二,101.5625,右提示,F4,-0.9628471006147703,-1.5549986655862085,1.4027613662444274
任务二,109.375,左提示,F3,-7.3250918966731176,-7.139317829734126,-4.099714245331626
任务二,109.375,左提示,Fz,0.7938986842142075,0.39796709206094705,-0.028599304617161772
任务二,109.375,左提示,F4,-0.10207087152738303,-0.9540906990100542,-3.7599499924329995
任务二,109.375,右提示,F3,-0.7715387044591511,-0.034123350629232885,-1.0269485381414514
任务二,109.375,右提示,Fz,1.9122227224383415,2.1482383664924654,2.6144881681388594
任务二,109.375,右提示,F4,-1.201208166015736,-1.6690040788147704,-0.650098372845505
任务二,117.1875,左提示,F3,-7.7144127061868515,-7.593927776406405,-5.844324488642116
任务二,117.1875,左提示,Fz,0.7775929783817657,0.316109710541959,-2.151946921344252
任务二,117.1875,左提示,F4,-0.13532219987764593,-1.0288037684483995,-6.536237046132344
任务二,117.1875,右提示,F3,-0.9638646736207117,-0.19520576124755973,-2.2564907728964143
任务二,117.1875,右提示,Fz,1.749097899773972,2.185315100748154,1.0046554511266201
任务二,117.1875,右提示,F4,-1.4320295235976637,-1.5939316714452247,-2.609564732020231
任务二,125.0,左提示,F3,-8.134986387827988,-8.314123739628045,-7.346428595733205
任务二,125.0,左提示,Fz,0.7422866038801734,0.06245214210878436,-3.9397135142161295
任务二,125.0,左提示,F4,-0.1887090711037045,-1.052549595920377,-8.894663500695954
任务二,125.0,右提示,F3,-1.154428294522912,-0.5673307443377982,-3.321462673320782
任务二,125.0,右提示,Fz,1.5979988929901143,2.2213038330000607,-0.3739614943349749
任务二,125.0,右提示,F4,-1.6495099199089471,-1.352116276304281,-4.315504714409112
任务二,132.8125,左提示,F3,-8.595701297598778,-9.13750951461984,-8.543693691863082
任务二,132.8125,左提示,Fz,0.6818843935700275,-0.26108629627614766,-5.3230039461178835
任务二,132.8125,左提示,F4,-0.2686779565331716,-1.0315146856938244,-10.727692580250414
任务二,132.8125,右提示,F3,-1.3417839279202055,-0.9972466089309434,-4.155336244017088
任务二,132.8125,右提示,Fz,1.4647547153138736,2.2013758233154967,-1.446501979189343
任务二,132.8125,右提示,F4,-1.8478481014979802,-1.172915231070616,-5.6616519295730035
任务二,140.625,左提示,F3,-9.10544579150147,-9.786788600620513,-9.413190490490917
任务二,140.625,左提示,Fz,0.5902911803119268,-0.4601077345096718,-6.286635533050287
任务二,140.625,左提示,F4,-0.3816753274936566,-1.0285589446093768,-12.000440306436367
任务二,140.625,右提示,F3,-1.5244859345670452,-1.471153573952722,-4.728920691468522
任务二,140.625,右提示,Fz,1.3551943799723545,1.8721063869657046,-2.1880223180935423
任务二,140.625,右提示,F4,-2.0212428149131543,-1.421411291767972,-6.6047551368595006
任务二,148.4375,左提示,F3,-9.673108225538304,-10.0739452752507,-9.972665409307364
任务二,148.4375,左提示,Fz,0.46141179696646795,-0.3549037038231371,-6.859775181234812
任务二,148.4375,左提示,F4,-0.5341476553127724,-1.0098727783569825,-12.741183399823573
任务二,148.4375,右提示,F3,-1.7010886752178846,-2.020559175720094,-5.050251479994959
任务二,148.4375,右提示,Fz,1.2751469001926612,1.156224661789632,-2.6137734461197795
任务二,148.4375,右提示,F4,-2.163892806702865,-2.14634020168413,-7.155549088126191
任务二,156.25,左提示,F3,-10.30729166820973,-10.16905544746627,-10.2671734223711
任务二,156.25,左提示,Fz,0.28937545846649515,0.01981928158377322,-7.110641936008634
任务二,156.25,左提示,F4,-0.7323354121849279,-0.9109122376015817,-13.030942182578487
任务二,156.25,右提示,F3,-1.8700969122192692,-2.578677186783564,-5.154776182969934
任务二,156.25,右提示,Fz,1.2304200886416239,0.3513294328125709,-2.777078214060589
任务二,156.25,右提示,F4,-2.270008719185286,-2.9509531504312214,-7.372254941954935
任务二,164.0625,左提示,F3,-11.003901135961733,-10.358069656926284,-10.35074520449578
任务二,164.0625,左提示,Fz,0.07829855133663965,0.5094539650779554,-7.109809342540234
任务二,164.0625,左提示,F4,-0.9733101172305823,-0.6396392823406374,-12.959651152822001
任务二,164.0625,右提示,F3,-2.027807799237176,-2.892678955618138,-5.086201298381604
任务二,164.0625,右提示,Fz,1.225878128082044,-0.0028310386449302005,-2.7336621240723673
任务二,164.0625,右提示,F4,-2.3343306714449206,-3.2462585814392373,-7.320603782273103
任务二,171.875,左提示,F3,-11.741351076722175,-10.870830271675754,-10.269294806682689
任务二,171.875,左提示,Fz,-0.1539459941168393,0.8469582043758301,-6.921577027602281
任务二,171.875,左提示,F4,-1.2415137774771883,-0.32838614958910384,-12.610409312850273
任务二,171.875,右提示,F3,-2.1674776825190047,-2.8158637574235574,-4.882383743057377
任务二,171.875,右提示,Fz,1.2650854252621508,0.319347725015909,-2.5359415569064865
任务二,171.875,右提示,F4,-2.352328095190009,-2.8641200221978433,-7.062551687398072
任务二,179.6875,左提示,F3,-12.496781232284263,-11.684234149623101,-10.056869155739971
任务二,179.6875,左提示,Fz,-0.3884826757883866,0.9025928132350636,-6.585730518855767
任务二,179.6875,左提示,F4,-1.5204679658035993,-0.15971444470096685,-12.039003623418212
任务二,179.6875,右提示,F3,-2.2821412953973566,-2.4476215623500583,-4.569301139324455
任务二,179.6875,右提示,Fz,1.3515116597371875,1.1043693474424126,-2.213633981556007
任务二,179.6875,右提示,F4,-2.319523574161821,-2.1395911699039796,-6.636129481118439
任务二,187.5,左提示,F3,-13.247331344441207,-12.731193685440532,-9.743838954218216
任务二,187.5,左提示,Fz,-0.6064359915724474,0.6291435583521058,-6.141783066568456
任务二,187.5,左提示,F4,-1.793694255088667,-0.3524587642191923,-11.30138087024509
任务二,187.5,右提示,F3,-2.3648333712048357,-2.156199755580104,-4.17211011061683
任务二,187.5,右提示,Fz,1.4886265110623982,1.8092009973046008,-1.7991164951201082
任务二,187.5,右提示,F4,-2.231439692101621,-1.6399760321519663,-6.08294347190235
任务二,195.3125,左提示,F3,-13.970141154986223,-13.836935313834555,-9.373897846088008
任务二,195.3125,左提示,Fz,-0.7889304393634662,0.17415219871754173,-5.634972001098754
任务二,195.3125,左提示,F4,-2.0447142182112428,-0.877241667935253,-10.466280758495014
任务二,195.3125,右提示,F3,-2.4085886432740446,-2.1471537349511385,-3.729852509434184
任务二,195.3125,右提示,Fz,1.6798996587930255,2.1528355707733446,-1.331211151909207
任务二,195.3125,右提示,F4,-2.083599032750682,-1.508849596337484,-5.4582435648330145
任务二,203.125,左提示,F3,-14.642350405712513,-14.931042375802537,-9.00365652150874
任务二,203.125,左提示,Fz,-0.9170905170558874,-0.3649983917697047,-5.132941276363026
任务二,203.125,左提示,F4,-2.2570494280501796,-1.6283421771836148,-9.63020656798864
任务二,203.125,右提示,F3,-2.406441844937585,-2.2778581458327762,-3.2971466197691903
任务二,203.125,右提示,Fz,1.9288007824843139,2.3083762979638696,-0.8731056726853467
任务二,203.125,右提示,F4,-1.8715241798502702,-1.4180605730945999,-4.846906849142067
任务二,210.9375,左提示,F3,-15.241098838413299,-15.945436016354066,-8.67021140341851
任务二,210.9375,左提示,Fz,-0.9720407225441563,-0.8973001570689688,-4.673792364307361
任务二,210.9375,左提示,F4,-2.4142214574843304,-2.381792156127177,-8.84840503728315
任务二,210.9375,右提示,F3,-2.3514277095280605,-2.1705298768166044,-2.9064398011338324
任务二,210.9375,右提示,Fz,2.238799561691506,2.679107143372084,-0.45878275661805545
任务二,210.9375,右提示,F4,-1.5907377171416521,-1.0203578056203293,-4.296924836158974
任务二,218.75,左提示,F3,-15.743526194881781,-16.78395544554769,-8.34138219304462
任务二,218.75,左提示,Fz,-0.9349055537227169,-1.3459215182094841,-4.223316114573347
任务二,218.75,左提示,F4,-2.499751879392543,-2.9835011115713272,-8.068849125724475
任务二,218.75,右提示,F3,-2.236580970378073,-1.7529867064656224,-2.518365514028386
任务二,218.75,右提示,Fz,2.6133656759698463,3.27088213951523,-0.052632158635028785
任务二,218.75,右提示,F4,-1.2367622283660982,-0.5274557379544649,-3.7600960731094775
任务二,226.5625,左提示,F3,-16.126772216911185,-17.1325854631331,-7.914006768964564
任务二,226.5625,左提示,Fz,-0.7868095084860152,-1.4398169767040094,-3.651640474059445
任务二,226.5625,左提示,F4,-2.497162266653674,-3.2163490307772475,-7.110226584164291
任务二,226.5625,右提示,F3,-2.054936360820228,-1.2814905736098052,-2.0175146498506407
任务二,226.5625,右提示,Fz,3.0559688048745794,3.822708228330704,0.4754773302561798
任务二,226.5625,右提示,F4,-0.8051202972648763,-0.29795334946312835,-3.069508177011066
任务二,234.375,左提示,F3,-16.3679766462947,-16.87835555422948,-7.28932719617657
任务二,234.375,左提示,Fz,-0.5088770847284939,-1.045851828987103,-2.839363343485703
任务二,234.375,左提示,F4,-2.3899741921465734,-3.0691252775598143,-5.8071373477991015
任务二,234.375,右提示,F3,-1.7995286141871252,-1.0737818755917758,-1.2979380754873027
任务二,234.375,右提示,Fz,3.570078627960946,4.168746437393891,1.243425814811158
任务二,234.375,右提示,F4,-0.2913345075792533,-0.29356065577007406,-2.073014157589813
任务二,242.1875,左提示,F3,-16.444279336271176,-16.249791399367076,-6.473987105275054
任务二,242.1875,左提示,Fz,-0.08223288526473005,-0.26427752476779537,-1.791176950615308
任务二,242.1875,左提示,F4,-2.1617093203894377,-2.6449597485875236,-4.172801564968212
任务二,242.1875,右提示,F3,-1.4633925098638083,-1.119578550021953,-0.37154842458898846
任务二,242.1875,右提示,Fz,4.159164781108941,4.485933146560955,2.2477490022909765
任务二,242.1875,右提示,F4,0.3090725096093694,-0.035783534358889035,-0.771131917095579
任务二,250.0,左提示,F3,-16.343667364598737,-15.749398281527526,-5.608499244825237
任务二,250.0,左提示,Fz,0.5017864010981983,0.5301920815154196,-0.7033064078439466
任务二,250.0,左提示,F4,-1.80480875637525,-2.1968956552937655,-2.4795152520681927
任务二,250.0,右提示,F3,-1.0440452032235266,-1.2489149496284893,0.5946943914043415
任务二,250.0,右提示,Fz,4.822445900592795,4.838998397212763,3.2953290864846214
任务二,250.0,右提示,F4,0.9959704136805625,0.6144001906935914,0.6145698072856596
任务二,257.8125,左提示,F3,-16.09471997942501,-15.495457441455851,-4.896869946230129
任务二,257.8125,左提示,Fz,1.2136287122195806,1.2040922466634472,0.14436634026436496
任务二,257.8125,左提示,F4,-1.3450916776985622,-1.7065252739978485,-1.116378578177976
任务二,257.8125,右提示,F3,-0.5557776676368382,-1.170831146421464,1.3603920227921202
任务二,257.8125,右提示,Fz,5.543232654707012,5.185280072293855,4.110804669230276
任务二,257.8125,右提示,F4,1.7519860264216267,1.3898125528351288,1.767301940979305
任务二,265.625,左提示,F3,-15.735509812095867,-15.31241929750309,-4.493515728477169
任务二,265.625,左提示,Fz,2.0148044696928746,1.8300391158634866,0.5309850504905124
任务二,265.625,左提示,F4,-0.8161834676971944,-1.1090886931120503,-0.39210039681693154
任务二,265.625,右提示,F3,-0.016803807434099927,-0.7114572280637224,1.7394582701304215
任务二,265.625,右提示,Fz,6.301115279098889,5.506155070339962,4.473212158307164
任务二,265.625,右提示,F4,2.5557135479808,2.013217155340945,2.4308568076950983
任务二,273.4375,左提示,F3,-15.304109493957188,-14.969129573098048,-4.440389188705437
任务二,273.4375,左提示,Fz,2.866824095111539,2.5969332647467294,0.41445100645574295
任务二,273.4375,左提示,F4,-0.2517095097089781,-0.35356213301493256,-0.38134251109459527
任务二,273.4375,右提示,F3,0.554662473054325,0.08404290226757283,1.682693612830321
任务二,273.4375,右提示,Fz,7.075684009415731,5.994849244392017,4.337309811680204
任务二,273.4375,右提示,F4,3.3857471785063202,2.594703489274354,2.5355413133736024
任务二,281.25,左提示,F3,-14.838591656354861,-14.517038768142916,-4.680858183792482
任务二,281.25,左提示,Fz,3.7311980100690354,3.476576436633191,-0.10605990121446614
任务二,281.25,左提示,F4,0.314704812928265,0.37245222062391736,-0.9634837718769359
任务二,281.25,右提示,F3,1.1404072694980805,0.8796630845594064,1.2631646881963705
任务二,281.25,右提示,Fz,7.846529081304844,6.732100648747197,3.7970800345518168
任务二,281.25,右提示,F4,4.220681118146427,3.3232760884183614,2.1608914310450476
任务二,289.0625,左提示,F3,-14.377028930634754,-14.018936076634375,-5.117194500883352
任务二,289.0625,左提示,Fz,4.56943663615882,4.435203477210383,-0.857566990074441
任务二,289.0625,左提示,F4,0.8494341168767061,1.015374600672251,-1.9141957055730572
任务二,289.0625,右提示,F3,1.7222166775668053,1.4923619592522344,0.6130285540676729
任务二,289.0625,右提示,Fz,8.593240730413525,7.718047698411995,3.0239326481240663
任务二,289.0625,右提示,F4,5.03910956704936,4.335309069846154,1.4703306415913615
任务二,296.875,左提示,F3,-13.957493948142751,-13.683979489777139,-5.65581069589162
任务二,296.875,左提示,Fz,5.343050394974354,5.285202887631179,-1.6897281998878715
任务二,296.875,左提示,F4,1.3188530187985226,1.4659911135092907,-3.0255206014078166
任务二,296.875,右提示,F3,2.2818767929301402,1.9352838542405202,-0.13891768702806623
任务二,296.875,右提示,Fz,9.295409192389078,8.792514564261364,2.168488266415497
任务二,296.875,右提示,F4,5.819626725363358,5.5025155684023535,0.6137903551987962
任务二,304.6875,左提示,F3,-13.618059340224736,-13.682668392613898,-6.2250872668824515
任务二,304.6875,左提示,Fz,6.013549708109098,5.83940727798929,-2.4831121926347897
任务二,304.6875,左提示,F4,1.6893361353558873,1.6652602128858325,-4.1273130813305885
任务二,304.6875,右提示,F3,2.801173711257727,2.385490038469647,-0.890269953087156
任务二,304.6875,右提示,Fz,9.932624702878812,9.84360619031107,1.3530594449390865
任务二,304.6875,右提示,F4,6.540826793236663,6.626693991335433,-0.28102880947235764
任务二,312.5,左提示,F3,-13.396797738226585,-14.138012437505383,-6.771338516373778
任务二,312.5,左提示,Fz,6.542444997156508,5.936938269313497,-3.1659797538644825
任务二,312.5,左提示,F4,1.9272580832109742,1.54100612407158,-5.107143196698848
任务二,312.5,右提示,F3,3.2618935282191988,2.9240153052336315,-1.568450035720194
任务二,312.5,右提示,Fz,10.48447749753002,10.739654154584109,0.6505241762893013
任务二,312.5,右提示,F4,7.181303970817508,7.512088437406366,-1.1295871999928053
任务二,320.3125,左提示,F3,-13.331781773494178,-14.753014548320266,-7.2538254238599125
任务二,320.3125,左提示,Fz,6.891246683710046,5.866190089459856,-3.680486269902839
任务二,320.3125,左提示,F4,1.9989934790259607,1.392233063002731,-5.876591659276169
任务二,320.3125,右提示,F3,3.645822339484208,3.5454337677280865,-2.1211848991111375
任务二,320.3125,右提示,Fz,10.930557811990013,11.454560162745624,0.11985841245226844
任务二,320.3125,右提示,F4,7.7196524582541395,8.177373387212,-1.8582420165898395
任务二,328.125,左提示,F3,-13.461084077373396,-15.122177002462948,-7.641080569629059
任务二,328.125,左提示,Fz,7.021465189363167,6.011339628405196,-3.998530314717772
任务二,328.125,左提示,F4,1.8709169394630152,1.4212400871472024,-6.386377020027148
任务二,328.125,右提示,F3,3.9347462407223843,3.9954630212406785,-2.5157425415994594
任务二,328.125,右提示,Fz,11.250455881906085,11.839361504755328,-0.21217387143397293
任务二,328.125,右提示,F4,8.134466455694788,8.604283577270923,-2.4232305295765917
任务二,335.9375,左提示,F3,-13.81892072573141,-15.013971097616023,-7.911796178697053
任务二,335.9375,左提示,Fz,6.898619574529546,6.517138247020494,-4.096775409793492
任务二,335.9375,左提示,F4,1.5130371042787685,1.5699824572454233,-6.601220458187173
任务二,335.9375,右提示,F3,4.112044761337514,4.189685164140718,-2.7340056649084765
任务二,335.9375,右提示,Fz,11.425635362824366,11.896811781582363,-0.3229959978518374
任务二,335.9375,右提示,F4,8.406265416306951,8.837257551367992,-2.7853392124055865
任务二,343.75,左提示,F3,-14.39467533699547,-14.779199810038207,-8.052575479758145
任务二,343.75,左提示,Fz,6.534829325907819,6.906398666158824,-3.9772636858653243
任务二,343.75,左提示,F4,0.9376081317028477,1.3562201991927303,-6.519002321908682
任务二,343.75,右提示,F3,4.179621097892761,4.334964907876289,-2.773239867154203
任务二,343.75,右提示,Fz,11.459338416614727,11.840647464958725,-0.21726440781749934
任务二,343.75,右提示,F4,8.537949859606876,8.97849126713277,-2.932454786484574
任务二,351.5625,左提示,F3,-15.148807363502542,-14.783908267369117,-8.056699132529038
任务二,351.5625,左提示,Fz,5.972278721348222,6.752327362354514,-3.6391401391973033
任务二,351.5625,左提示,F4,0.184139353173272,0.6028122808470595,-6.1407887048968295
任务二,351.5625,右提示,F3,4.151329199957345,4.7549810566155575,-2.6385825226527775
任务二,351.5625,右提示,Fz,11.368857854388196,12.037443980899704,0.10430031392373047
任务二,351.5625,右提示,F4,8.546859702755196,9.232024306276283,-2.8503100133735098
任务二,359.375,左提示,F3,-16.041294188154758,-15.143865313696528,-7.92037657046649
任务二,359.375,左提示,Fz,5.25365311855351,6.0562348827147865,-3.0982074070254466
任务二,359.375,左提示,F4,-0.7074056469851389,-0.47987891985398434,-5.48791884785041
任务二,359.375,右提示,F3,4.041222196317259,5.268717819165253,-2.342192453060604
任务二,359.375,右提示,Fz,11.171720664743134,12.34702292221354,0.6226966392171694
任务二,359.375,右提示,F4,8.450575519539953,9.44100769382719,-2.5437834864909425
任务二,367.1875,左提示,F3,-17.03211319385425,-15.594495335899188,-7.642432115299021
任务二,367.1875,左提示,Fz,4.421637875226445,5.323369116047375,-2.35929758512555
任务二,367.1875,左提示,F4,-1.6970632844475562,-1.3752609680061578,-4.572870653195194
任务二,367.1875,右提示,F3,3.8633532157584867,5.364300721530776,-1.8966370339934333
任务二,367.1875,右提示,Fz,10.885453836277918,12.232931063121947,1.3313416175589337
任务二,367.1875,右提示,F4,8.266677883749168,9.211195300356543,-2.007945983812654
任务二,375.0,左提示,F3,-18.081241763503137,-16.12501264662346,-7.222785758676202
任务二,375.0,左提示,Fz,3.5189183490697804,4.748921856819909,-1.4405255609402616
任务二,375.0,左提示,F4,-2.7448699748891574,-2.0603815243603822,-3.4220677178816965
任务二,375.0,右提示,F3,3.6317753870670177,4.672800777047604,-1.3170542889172472
任务二,375.0,右提示,Fz,10.52758435759091,11.26527286697571,2.2091404156834913
任务二,375.0,右提示,F4,8.012747369170878,8.293823720614448,-1.253850502553817
任务二,382.8125,左提示,F3,-19.148657280003547,-16.972917137792937,-6.663988935990624
任务二,382.8125,左提示,Fz,2.588179897786275,4.152008993395843,-0.34792526895857384
任务二,382.8125,左提示,F4,-3.81086213398512,-2.813278191752979,-2.050083298815779
任务二,382.8125,右提示,F3,3.360541839028839,3.5026144253762754,-0.6169496932690053
任务二,382.8125,右提示,Fz,10.115639217280481,9.80466681216781,3.249018797942645
任务二,382.8125,右提示,F4,7.706364549593115,7.114482083664182,-0.2815916035479107
任务二,390.625,左提示,F3,-20.194337126257622,-18.50760392472396,-5.970374948546884
任务二,390.625,左提示,Fz,1.6721078790786925,3.116574828873007,0.8980427644594412
任务二,390.625,左提示,F4,-4.8550761774106155,-3.9838539613164947,-0.48543175473395084
任务二,390.625,右提示,F3,3.063705700429944,2.4581331609168773,0.18816725091939004
任务二,390.625,右提示,Fz,9.667145403945007,8.54744854877042,4.428534477648445
任务二,390.625,右提示,F4,7.365109998803914,6.301688267562757,0.8916698354937628
任务二,398.4375,左提示,F3,-21.17825868516748,-20.500437408803965,-5.149391983787373
任务二,398.4375,左提示,Fz,0.8133876506497861,1.692855436555857,2.288861884923002
任务二,398.4375,左提示,F4,-5.837548520840824,-5.368648460504537,1.2558331637076128
任务二,398.4375,右提示,F3,2.755320100056315,2.0210552539606543,1.0848379295970443
任务二,398.4375,右提示,Fz,9.19962990618285,7.977270468165419,5.73938279007001
任务二,398.4375,右提示,F4,7.006564290591308,6.163603677167776,2.259796908494501
任务二,406.25,左提示,F3,-22.060399339635254,-22.389727840821593,-4.210298675454748
任务二,406.25,左提示,Fz,0.05470457020231634,0.18590300055243192,3.801022349899805
任务二,406.25,左提示,F4,-6.7183155799509215,-6.674994477801776,3.143601925342648
任务二,406.25,右提示,F3,2.449438166693943,1.990072731380406,2.0578335472608127
任务二,406.25,右提示,Fz,8.730619712592379,7.82672242970236,7.157346611614724
任务二,406.25,右提示,F4,6.648307998743326,6.273081714221262,3.799237790499833
任务二,414.0625,左提示,F3,-22.80073647256307,-23.68407282710762,-3.165202720814378
任务二,414.0625,左提示,Fz,-0.5612560045609585,-1.0164783709560306,5.423587215903844
任务二,414.0625,左提示,F4,-7.457413770416078,-7.64272021367853,5.161033358067723
任务二,414.0625,右提示,F3,2.1601130291288175,1.8017364118488888,3.09426357179452
任务二,414.0625,右提示,Fz,8.27764181177197,7.583353560629584,8.672992998907219
任务二,414.0625,右提示,F4,6.307921697048011,6.090998783130607,5.4984403137198345
任务二,421.875,左提示,F3,-23.35947360319256,-24.482944537301208,-2.0275494807164143
任务二,421.875,左提示,Fz,-0.9920364419823466,-1.8666721565180149,7.13052083189466
任务二,421.875,左提示,F4,-8.015054348992216,-8.376226044704156,7.277067860095078
任务二,421.875,右提示,F3,1.9014397228350401,1.0748977145216116,4.179469483923645
任务二,421.875,右提示,Fz,7.858262784502896,6.996858707569851,10.260699194626744
任务二,421.875,右提示,F4,6.0030557669800135,5.5094035834905695,7.3286400132674805
任务二,429.6875,左提示,F3,-23.712835235752884,-24.96246080653367,-0.8129021877001538
任务二,429.6875,左提示,Fz,-1.2113127205858836,-2.332933708288255,8.909411273069573
任务二,429.6875,左提示,F4,-8.363835464059935,-8.890016483696353,9.47478678309192
任务二,429.6875,右提示,F3,1.6904822285819403,0.21996742738666164,5.30131567944432
任务二,429.6875,右提示,Fz,7.492854182096243,6.515352703917161,11.910533632892344
任务二,429.6875,右提示,F4,5.756306225474338,5.0763218189873225,9.274536080598521
任务二,437.5,左提示,F3,-23.863401965947325,-25.23217283785714,0.462911132866569
任务二,437.5,左提示,Fz,-1.219302189859225,-2.4523678361550405,10.733267924228512
任务二,437.5,左提示,F4,-8.496732915498415,-9.206444917387767,11.723371024978356
任务二,437.5,右提示,F3,1.5491887333123806,-0.028759121624680084,6.446077854951397
任务二,437.5,右提示,Fz,7.206402007466623,6.659298451227685,13.59659574426488
任务二,437.5,右提示,F4,5.598405144814126,5.2520730318997355,11.304554829168813
任务二,445.3125,左提示,F3,-23.816209501611038,-25.145432953794693,1.783236377594229
任务二,445.3125,左提示,Fz,-1.018694570503043,-2.134521680554844,12.590365202216683
任务二,445.3125,左提示,F4,-8.408620714060097,-9.128378608035348,14.007624350494536
任务二,445.3125,右提示,F3,1.4999623955966683,0.7407654462553674,7.603026034447257
任务二,445.3125,右提示,Fz,7.0243221070858635,7.507726611424608,15.310093267202808
任务二,445.3125,右提示,F4,5.5608424838686155,6.017119498681471,13.402778714853163
任务二,453.125,左提示,F3,-23.576293550579113,-24.763536137629025,3.1324363657323797
任务二,453.125,左提示,Fz,-0.6121795832180084,-1.5482442571303139,14.4551411751505
任务二,453.125,左提示,F4,-8.094372870497399,-8.733580865507946,16.299065724484215
任务二,453.125,右提示,F3,1.5652063740051112,2.055864560053487,8.760168311545009
任务二,453.125,右提示,Fz,6.972030327425789,8.382922527415875,17.02669922192776
任务二,453.125,右提示,F4,5.675108201507063,6.763854157464991,15.538235866459637
任务二,460.9375,左提示,F3,-23.148689820686673,-24.105662803275727,4.495120567325465
任务二,460.9375,左提示,Fz,-0.0024469487047937555,-0.8281230866965825,16.318698001866412
任务二,460.9375,左提示,F4,-7.54886339556275,-8.104575467153147,18.586134754846245
任务二,460.9375,右提示,F3,1.767323827108017,3.1786758500383527,9.908909409558383
任务二,460.9375,右提示,Fz,7.074942514958226,8.665794185207073,18.74042691622087
任务二,460.9375,右提示,F4,5.972692256598705,7.023753158887624,17.69747562944588
任务二,468.75,左提示,F3,-22.53843401976885,-23.20166724868968,5.857756503004163
任务二,468.75,左提示,Fz,0.8078136123359309,-0.03434435889192666,18.15857646441967
任务二,468.75,左提示,F4,-6.766966300008585,-7.343440065767767,20.844176492608486
任务二,468.75,右提示,F3,2.128717913475697,3.69675751905061,11.039540523405876
任务二,468.75,右提示,Fz,7.358474516155006,8.304575487991832,20.429811808364946
任务二,468.75,右提示,F4,6.485084608012787,6.835700112636622,19.852591483787386
任务二,476.5625,左提示,F3,-21.75056185566075,-21.85789893797632,7.20767870093272
任务二,476.5625,左提示,Fz,1.815912379203493,1.1680410518354292,19.969881209692314
任务二,476.5625,左提示,F4,-5.743555594587331,-6.175704062279397,23.06630058392859
任务二,476.5625,右提示,F3,2.6717917916784533,3.920324360988528,12.145959321132894
任务二,476.5625,右提示,Fz,7.848042177487951,8.015956742738757,22.09254956639759
任务二,476.5625,右提示,F4,7.243775214618561,6.905321585233823,21.994438491159915
任务二,484.375,左提示,F3,-20.790109036197503,-20.17133305929876,8.534495517607095
任务二,484.375,左提示,Fz,3.0191596311972213,2.9124122471400526,21.733965025540076
任务二,484.375,左提示,F4,-4.473505290051412,-4.577344435857226,25.2322826201522
任务二,484.375,右提示,F3,3.4189486202865984,4.32371593711991,13.220904450146543
任务二,484.375,右提示,Fz,8.569061345428885,8.465791536857463,23.710533055307256
任务二,484.375,右提示,F4,8.280254035285264,7.8476193121159765,24.099457884078255
任务二,492.1875,左提示,F3,-19.66211126921423,-18.38562801681179,9.828875656458854
任务二,492.1875,左提示,Fz,4.414865647616445,5.04766452298349,23.45018285160375
任务二,492.1875,左提示,F4,-2.9516893971532596,-2.6931207841211444,27.340058602223834
任务二,492.1875,右提示,F3,4.392591557870439,5.180829504093343,14.260728741200978
任务二,492.1875,右提示,Fz,9.546947866449642,9.7981491865571,25.285260159078277
任务二,492.1875,右提示,F4,9.626011028882147,9.717470697906364,26.163521852965275
任务二,500.0,左提示,F3,-18.371604262546043,-16.831619478427907,11.083785789987624
任务二,500.0,左提示,Fz,6.000340707760492,7.114097471978517,25.103568534914338
任务二,500.0,左提示,F4,-1.172981926645301,-0.8128274137975637,29.373622174734596
任务二,500.0,右提示,F3,5.615123763000282,6.25381619902895,15.26042167941758
任务二,500.0,右提示,Fz,10.807117587022045,11.399965920254344,26.801802265494697
任务二,500.0,右提示,F4,11.312536154278463,11.873470598776544,28.167606839655715
任务二,507.8125,左提示,F3,-16.923623724028072,-15.38817341521751,12.293155290205023
任务二,507.8125,左提示,Fz,7.77289509092869,9.054324452052295,26.697350607860592
任务二,507.8125,左提示,F4,0.8677431107200331,1.2893755926869552,31.335297013090077
任务二,507.8125,右提示,F3,7.1089483942464335,7.357891614659328,16.218515012815264
任务二,507.8125,右提示,Fz,12.374986353617919,12.801741608878277,28.265088355521055
任务二,507.8125,右提示,F4,13.371319370343441,13.90719661042747,30.1123950234658
任务二,515.625,左提示,F3,-15.325606749632568,-13.86873275465542,13.453032408031696
任务二,515.625,左提示,Fz,9.726455142035329,10.978542549096382,28.219723940130244
任务二,515.625,左提示,F4,3.1699748899745304,3.824818152902191,33.21272494190175
任务二,515.625,右提示,F3,8.888055130730729,8.563093017627018,17.13193219111424
任务二,515.625,右提示,Fz,14.266906619846571,14.067503606210428,29.66288713060427
任务二,515.625,右提示,F4,15.823164563609469,15.960121652099211,31.98293577190245
任务二,523.4375,左提示,F3,-13.595967709158222,-12.209403298961435,14.560143665314701
任务二,523.4375,左提示,Fz,11.839478496967343,13.009529399339279,29.67709725163559
任务二,523.4375,左提示,F4,5.707435467458016,6.784942254961413,35.01186007305658
任务二,523.4375,右提示,F3,10.927973784837816,10.192293621192128,18.000986832739553
任务二,523.4375,右提示,Fz,16.457800075289857,15.737943378236205,31.00293250165071
任务二,523.4375,右提示,F4,18.64002723148092,18.512427032154505,33.78401467960957
任务二,531.25,左提示,F3,-11.756255821865304,-10.824977200913233,15.612977843159019
任务二,531.25,左提示,Fz,14.086005294614463,14.890842034694433,31.05995306747956
任务二,531.25,左提示,F4,8.44648842058054,9.618492021998838,36.723023886490395
任务二,531.25,右提示,F3,13.193250941746744,12.256863323891874,18.82403290413826
任务二,531.25,右提示,Fz,18.91075676440919,18.010192358739587,32.274913523949444
任务二,531.25,右提示,F4,21.77991292816329,21.611610416850606,35.50381638319539
任务二,539.0625,左提示,F3,-9.828020548641918,-9.866836584747624,16.610332417855805
任务二,539.0625,左提示,Fz,16.44007533337469,16.575462004051865,32.37694253435241
任务二,539.0625,左提示,F4,11.353496759575492,12.071065731783415,38.35475197159817
任务二,539.0625,右提示,F3,15.648432340071647,14.660301772046857,19.602623277521097
任务二,539.0625,右提示,Fz,21.58886581970671,20.831681958666234,33.48854238490144
任务二,539.0625,右提示,F4,25.20082613262867,25.08789510864628,37.15018397595014
任务二,546.875,左提示,F3,-7.832811350376185,-9.090188947518978,17.552464012523767
任务二,546.875,左提示,Fz,18.875728411646012,18.207144294171933,33.620025107918536
任务二,546.875,左提示,F4,14.394823494676258,14.222298159958502,39.89914279023656
任务二,546.875,右提示,F3,18.258063718426644,17.303156171691093,20.336078408285623
任务二,546.875,右提示,Fz,24.455216373684557,23.987891817562637,34.63472173365385
任务二,546.875,右提示,F4,28.860771323849168,28.75798282097804,38.71349275182675
任务二,554.6875,左提示,F3,-5.792177687956218,-7.816756199639651,18.439680736312333
任务二,554.6875,左提示,Fz,21.367004327826454,20.242354777698598,34.79945704814328
任务二,554.6875,左提示,F4,17.536831636116244,16.66659972565162,41.366612178264674
任务二,554.6875,右提示,F3,20.986690815425895,20.264744467657525,21.026842539102073
任务二,554.6875,右提示,Fz,27.472897558844913,27.39753573553637,35.724589034023936
任务二,554.6875,右提示,F4,32.71775298079692,32.65565040109692,40.20386057117106
任务二,562.5,左提示,F3,-3.7276690222701285,-5.825419797290099,19.273492682190973
任务二,562.5,左提示,Fz,23.88794288031401,22.763886870383764,35.90810422521588
任务二,562.5,左提示,F4,20.74588419412884,19.647482165990333,42.750397146475045
任务二,562.5,右提示,F3,23.798859369683534,23.368603340511267,21.674898059507765
任务二,562.5,右提示,Fz,30.604998507689906,30.76777149593185,36.74976643889163
任务二,562.5,右提示,F4,36.72977558244402,36.62240303937286,41.61312189284717
任务二,570.3125,左提示,F3,-1.6608348142060247,-3.3168665019001544,20.055164716440203
任务二,570.3125,左提示,Fz,26.41258386750668,25.599652293017286,36.95719548239471
任务二,570.3125,左提示,F4,23.988344178947436,23.09875670442524,44.06206448927108
任务二,570.3125,右提示,F3,26.65911511981369,26.395727609018742,22.283233452929927
任务二,570.3125,右提示,Fz,33.81460835272169,33.8824839103857,37.72226750828193
任务二,570.3125,右提示,F4,40.854843607762575,40.489495928945395,42.952857919153075
任务二,578.125,左提示,F3,0.3867754753479673,-0.7465874248058606,20.786890127507444
任务二,578.125,左提示,Fz,28.91496708780247,28.388928716853478,37.939854137058234
任务二,578.125,左提示,F4,27.23057460080543,26.60972183664114,45.29523588475066
任务二,578.125,右提示,F3,29.532003804430502,29.17705207092383,22.852122937435613
任务二,578.125,右提示,Fz,37.06481622644244,36.63613077175698,38.63386993679885
任务二,578.125,右提示,F4,45.050961535724724,44.12268444932044,44.21554057000724
任务二,585.9375,左提示,F3,2.3936123855037454,1.8396583027233406,21.470418017387768
任务二,585.9375,左提示,Fz,31.369132339599382,31.131185493778176,38.867762057074025
任务二,585.9375,左提示,F4,30.438938469936218,30.100866429308443,46.4620327968316
任务二,585.9375,右提示,F3,32.38207116214811,31.81877385981429,23.384801537055303
任务二,585.9375,右提示,Fz,40.31871126135428,39.2764861834152,39.49700841662912
任务二,585.9375,右提示,F4,49.27613384530256,47.72874224449936,45.41355375761087
任务二,593.75,左提示,F3,4.338126455373192,4.36047490134464,22.108315795439218
任务二,593.75,左提示,Fz,33.74911942129541,33.76206949077475,39.73399276717419
任务二,593.75,左提示,F4,33.579798796573186,33.44055644233532,47.556109570398824
任务二,593.75,右提示,F3,35.17386293158066,34.37988375175355,23.881662547144977
任务二,593.75,右提示,Fz,43.53938258995937,42.012931383425354,40.303347478386364
任务二,593.75,右提示,F4,53.48836501546819,51.53033907962386,46.53958876910686
任务二,601.5625,左提示,F3,6.198947703898561,6.724145584525141,22.702607090339818
任务二,601.5625,左提示,Fz,36.02916363544583,36.225788117153535,40.55048763009672
任务二,601.5625,左提示,F4,36.619750990265864,36.61596062612643,48.589904863846755
任务二,601.5625,右提示,F3,37.872734983695395,37.099424730191686,24.346083450715238
任务二,601.5625,右提示,Fz,46.69044066735279,45.158350597014284,41.0655769785455
任务二,601.5625,右提示,F4,57.64593731374914,55.79455264401933,47.606532087955266
任务二,609.375,左提示,F3,7.957391700076528,8.5687466801667,23.25600772735379
任务二,609.375,左提示,Fz,38.18642560606989,38.19281396322945,41.31004888972009
任务二,609.375,左提示,F4,39.5288678429236,39.33312054999346,49.55681746354449
任务二,609.375,右提示,F3,40.45616516985432,40.121574521006714,24.77845102514087
任务二,609.375,右提示,Fz,49.74329647927913,48.766092985070784,41.7750607948111
任务二,609.375,右提示,F4,61.71128954753851,60.48206190633506,48.60695377941802
任务二,617.1875,左提示,F3,9.596841354653579,9.864242946580436,23.770548209026728
任务二,617.1875,左提示,Fz,40.20031787544262,39.65406500651956,42.02458533589625
任务二,617.1875,左提示,F4,42.279899042282295,41.60218160977118,50.46923846927813
任务二,617.1875,右提示,F3,42.91096286593135,43.409979903084,25.18211846667078
任务二,617.1875,右提示,Fz,52.675365875423694,52.663064936286574,42.44448945128467
任务二,617.1875,右提示,F4,65.65006023684892,65.3817380363408,49.55383404478918
任务二,625.0,左提示,F3,11.100732757585202,10.899069909319898,24.248865811149336
任务二,625.0,左提示,Fz,42.05031091299672,40.92058458346473,42.6863758310294
任务二,625.0,左提示,F4,44.845663135134444,43.64660670412323,51.32001573221762
任务二,625.0,右提示,F3,45.224177487016036,46.52679313337387,25.55732624705691
任务二,625.0,右提示,Fz,55.46421917142513,56.35551715755244,43.0647024087863
任务二,625.0,右提示,F4,69.42797020941299,70.10152956059223,50.43928498419347
任务二,632.8125,左提示,F3,12.452501998826866,12.326687596885504,24.692885564940823
任务二,632.8125,左提示,Fz,43.715875188164866,42.70297777691029,43.307185383831786
任务二,632.8125,左提示,F4,47.198978668272524,46.12735096850438,52.121372848163766
任务二,632.8125,右提示,F3,47.38285844819795,49.15742945957258,25.907347473582263
任务二,632.8125,右提示,Fz,58.08742668292214,59.62302110168724,43.64829357035493
任务二,632.8125,右提示,F4,73.0107402929633,74.5061439222897,51.27621798196814
任务二,640.625,左提示,F3,13.635585168334075,14.288515405971888,25.105141064235404
任务二,640.625,左提示,Fz,45.176481170379795,45.202504528272954,43.878784969281135
任务二,640.625,左提示,F4,49.31266418848908,49.269985931474935,52.86561467357086
任务二,640.625,右提示,F3,49.37405516456672,51.14877540921377,26.232281779628124
任务二,640.625,右提示,Fz,60.522558725553466,62.411781687427876,44.18559960726995
任务二,640.625,右提示,F4,76.36409131523266,78.50809401062655,52.0562560624085
任务二,648.4375,左提示,F3,14.633418356062295,16.44920822464508,25.487421075573163
任务二,648.4375,左提示,Fz,46.4115993290742,48.03996880870896,44.41280621884289
任务二,648.4375,左提示,F4,51.1595382425766,52.791643895371045,53.56477437907411
任务二,648.4375,右提示,F3,51.18481705121193,52.66860031430581,26.535314997953332
任务二,648.4375,右提示,Fz,62.747185614957765,64.89072375576495,44.68913038819878
任务二,648.4375,右提示,F4,79.45374410395357,82.11730041262551,52.792190964964895
任务二,656.25,左提示,F3,15.429437651967017,17.9884966510097,25.8420701209848
任务二,656.25,左提示,Fz,47.40070013368078,50.195175458556825,44.90044134520601
任务二,656.25,左提示,F4,52.71241937732759,55.63109258857992,54.21049815047679
任务二,656.25,右提示,F3,52.80219352322316,53.83544946418291,26.81635277829114
任务二,656.25,右提示,Fz,64.73887766677376,66.98662531237156,45.14865058914303
任务二,656.25,右提示,F4,82.24541948685876,85.12201150427607,53.47502224638192
任务二,664.0625,左提示,F3,16.007079146003726,18.50031992580434,26.17064609585776
任务二,664.0625,左提示,Fz,48.123254053632245,51.0405597843323,45.353089587725904
任务二,664.0625,左提示,F4,53.944126139534546,57.076295024492545,54.81450052540866
任务二,664.0625,右提示,F3,54.21323399568999,54.84792646574527,27.078431208859854
任务二,664.0625,右提示,Fz,66.47520519664013,68.57711195694193,45.57649122311888
任务二,664.0625,右提示,F4,84.70483829168087,87.37056976430858,54.117271537324804
任务二,671.875,左提示,F3,16.349778928127904,18.023452377843128,26.47527121894866
任务二,671.875,左提示,Fz,48.55873155836131,50.60662506696673,45.76135768162716
任务二,671.875,左提示,F4,54.82747707598998,57.10441972442045,55.367751365646136
任务二,671.875,右提示,F3,55.40498788370204,55.71713255584286,27.321245277730227
任务二,671.875,右提示,Fz,67.9337385201956,69.42303238420828,45.96184495482673
任务二,671.875,右提示,F4,86.79772134615253,88.75186381616778,54.709266611268085
任务二,679.6875,左提示,F3,16.440973088295028,17.065206337632482,26.75730629986325
任务二,679.6875,左提示,Fz,48.686603117300635,49.64310758856337,46.13651303710657
任务二,679.6875,左提示,F4,55.335290733486396,56.5482756074978,55.88174473583978
任务二,679.6875,右提示,F3,56.36450460234886,56.40206423485792,27.54771406398774
任务二,679.6875,右提示,Fz,69.09204795307883,69.57590393455524,46.316967770714434
任务二,679.6875,右提示,F4,88.4897894780064,89.42838476830732,55.26332457251524
任务二,687.5,左提示,F3,16.264227156754146,15.791332581411423,27.01869121587356
任务二,687.5,左提示,Fz,48.486483077016146,48.51598065429819,46.468696868407086
任务二,687.5,左提示,F4,55.44057342147313,55.821781023118106,56.346896328440394
任务二,687.5,右提示,F3,57.07890304149555,56.67219907767509,27.757359686207216
任务二,687.5,右提示,Fz,69.92782100751066,69.16783556708697,46.63059836475541
任务二,687.5,右提示,F4,89.7469445275905,89.48912785766684,55.769198072974554
任务二,695.3125,左提示,F3,15.819667630298273,14.34559781416538,27.260584026893756
任务二,695.3125,左提示,Fz,47.95639384174447,47.23958429399467,46.769092546594756
任务二,695.3125,左提示,F4,55.140354348238034,54.925084598007544,56.7745277874672
任务二,695.3125,右提示,F3,57.54419089526025,56.57655783188976,27.952985568855283
任务二,695.3125,右提示,Fz,70.43373966629937,68.60840156811987,46.91496092495251
任务二,695.3125,右提示,F4,90.5582476142074,89.13929997698553,56.23903057789009
任务二,703.125,左提示,F3,15.140079929614053,12.834638242569424,27.4847068909169
任务二,703.125,左提示,Fz,47.13065928115328,45.55468343373244,47.02737772986039
任务二,703.125,左提示,F4,54.47903689088879,53.46595406215849,57.15449355129834
任务二,703.125,右提示,F3,57.77390495431715,56.325209954708875,28.133916003083026
任务二,703.125,右提示,Fz,70.63205564010994,68.18643547766625,47.15833820911154
任务二,703.125,右提示,F4,90.95843093117617,88.56242264456776,56.661976609026105
任务二,710.9375,左提示,F3,14.262071805439149,11.618662092842422,27.69200594530282
任务二,710.9375,左提示,Fz,46.047851910170706,43.64952713821124,47.25469567018557
任务二,710.9375,左提示,F4,53.50656899712916,51.5600517464777,57.497976481395646
任务二,710.9375,右提示,F3,57.783633577014584,56.3099792579987,28.302828232721406
任务二,710.9375,右提示,Fz,70.54848141681329,68.15737423239209,47.37296233222564
任务二,710.9375,右提示,F4,90.98757191586738,88.14810358605116,57.050017331979745
任务二,718.75,左提示,F3,13.222251008511218,10.836056634445047,27.884022948804212
任务二,718.75,左提示,Fz,44.74654424372488,41.92438315263635,47.44039745821929
任务二,718.75,左提示,F4,52.272898614662914,49.5734415621912,57.79441156064257
任务二,718.75,右提示,F3,57.58896512170089,56.611308318543124,28.458873320724184
任务二,718.75,右提示,Fz,70.2087294842804,68.45990937956388,47.54679314246474
任务二,718.75,右提示,F4,90.68574800565169,88.13767930797914,57.391826240489
任务二,726.5625,左提示,F3,12.05722528956792,10.681563185426725,28.061539122020147
任务二,726.5625,左提示,Fz,43.26530879674394,41.02573793732061,47.59575615141031
任务二,726.5625,左提示,F4,50.82797369119382,48.215578347893725,58.05503230597729
任务二,726.5625,右提示,F3,57.20548794672433,57.09044711065612,28.604639389586197
任务二,726.5625,右提示,Fz,69.63851233038227,68.9915027484825,47.692237229643894
任务二,726.5625,右提示,F4,90.09303663789964,88.61486286905301,57.69939171019649
任务二,734.375,左提示,F3,10.8036023993469,10.83643174693952,28.225932124971056
任务二,734.375,左提示,Fz,41.642718084155995,40.86085917401924,47.709911329819725
任务二,734.375,左提示,F4,49.22174217442564,47.52333193325255,58.26898761452775
任务二,734.375,右提示,F3,56.64879041043328,57.21854342970941,28.73912282533469
任务二,734.375,右提示,Fz,68.86354244298983,69.30175592990285,47.79704409324321
任务二,734.375,右提示,F4,89.2495152499819,89.09027722376551,57.96102619489603
任务二,742.1875,左提示,F3,9.497990088585807,10.711068964913634,28.377809607192688
任务二,742.1875,左提示,Fz,39.91734462088918,40.69524324097899,47.79430282733573
任务二,742.1875,左提示,F4,47.50415201206216,47.03670210976668,58.44760960837207
任务二,742.1875,右提示,F3,55.93446087117601,56.60790599928091,28.86481798314588
任务二,742.1875,右提示,Fz,67.9095323099741,68.95765836212233,47.87382951670176
任务二,742.1875,右提示,F4,88.19526127926905,88.92720092715174,58.1887640845788
任务二,750.0,左提示,F3,8.176996108022314,9.65142202714985,28.518386400783804
任务二,750.0,左提示,Fz,38.12776092187165,39.56086809352148,47.83789537506171
任务二,750.0,左提示,F4,45.725151151807125,45.97149809564065,58.579812813027175
任务二,750.0,右提示,F3,55.07808768730088,55.12562920307646,28.98056235951582
任务二,750.0,右提示,Fz,66.802194419206,67.6308872479093,47.910168078766425
任务二,750.0,右提示,F4,86.97035216313172,87.67576617488695,58.370601683743175
任务二,757.8125,左提示,F3,6.877228208394072,7.774051897669526,28.648124119703354
任务二,757.8125,左提示,Fz,36.31253950203149,37.3960413680362,47.852399499116714
任务二,757.8125,左提示,F4,43.93468754136431,44.28489630635376,58.6771589064346
任务二,757.8125,右提示,F3,54.095259217156176,53.21319718302534,29.088770560907275
任务二,757.8125,右提示,Fz,65.56724125855652,65.60394572741745,47.918986310703694
任务二,757.8125,右提示,F4,85.61486533894048,85.6327308131172,58.518746051100685
任务二,765.625,左提示,F3,5.635294140438729,5.542624432895279,28.76811188374195
任务二,765.625,左提示,Fz,34.51025287629687,34.700807546425565,47.82676225698965
任务二,765.625,左提示,F4,42.18270912843751,42.257624918347915,58.728515491493056
任务二,765.625,右提示,F3,53.00156381909025,51.48434688736617,29.188148288486335
任务二,765.625,右提示,Fz,64.23038531589667,63.4232002920143,47.887836064742956
任务二,765.625,右提示,F4,84.16887824406601,83.415439088418,58.62106798364295
任务二,773.4375,左提示,F3,4.487801654893948,3.727528329018588,28.878686430893076
任务二,773.4375,左提示,Fz,32.7594735595959,32.35496619450512,47.773083878944476
任务二,773.4375,左提示,F4,40.51916386073046,40.51885017715107,58.745815111580505
任务二,773.4375,右提示,F3,51.812589851451406,50.52301825725848,29.281049587405956
任务二,773.4375,右提示,Fz,62.81733907909739,61.75761650732047,47.8300676541964
任务二,773.4375,右提示,F4,82.67246831587886,81.6765157162467,58.69010045332487
任务二,781.25,左提示,F3,3.4655060153644737,2.676519141568651,28.9808097831487
任务二,781.25,左提示,Fz,31.0936053802791,30.755664308638515,47.68032452264841
任务二,781.25,左提示,F4,38.986798390148735,39.28370020469007,58.71792525320992
任务二,781.25,右提示,F3,50.54398538205884,50.14121484889311,29.36604964443435
任务二,781.25,右提示,Fz,61.35185637300124,60.65775190548479,47.73323831463316
任务二,781.25,右提示,F4,81.16139147039456,80.45985275768328,58.71365102464552
任务二,789.0625,左提示,F3,2.5664137049164992,2.4426809665957947,29.074687345589805
任务二,789.0625,左提示,Fz,29.517129731062596,29.933995588656394,47.56095625440375
任务二,789.0625,左提示,F4,37.58806305519593,38.60737054402408,58.6571513134911
任务二,789.0625,右提示,F3,49.21173259520455,49.71020630092792,29.445434483219106
任务二,789.0625,右提示,Fz,59.846730925622104,59.8026286543913,47.61110461742667
任务二,789.0625,右提示,F4,79.64722167307742,79.52447625630671,58.70459608862998
任务二,796.875,左提示,F3,1.7771462902404913,2.462314350494516,29.161164039115075
任务二,796.875,左提示,Fz,28.02447329405452,29.25258121771659,47.403970949720616
任务二,796.875,左提示,F4,36.31139942364321,37.94624091166825,58.55240826106629
任务二,796.875,右提示,F3,47.83192982876061,48.686234485485706,29.517651274844496
任务二,796.875,右提示,Fz,58.310946253301424,58.734109048877606,47.45124775882161
任务二,796.875,右提示,F4,78.13312617988072,78.5478694668405,58.65074694629471
